ID	URL	Location	Name
606	https://datenbank.noemuseen.at/db/museum-detail.asp?oid=606	Lassing	"Auf dem Holzweg" - Erlebniswelt Mendlingtal
608	https://datenbank.noemuseen.at/db/museum-detail.asp?oid=608	Mannersdorf am Leithagebirge	"BAXA" Kalkofen- und Steinabbaumuseum
182	https://datenbank.noemuseen.at/db/museum-detail.asp?oid=182	Prinzendorf an der Zaya	"Erdäpfelmuseum" - Landwirtschaftliches Museum
231	https://datenbank.noemuseen.at/db/museum-detail.asp?oid=231	Lilienfeld	"Zdarsky-Stüberl"
749	https://datenbank.noemuseen.at/db/museum-detail.asp?oid=749	Wullersdorf	(Alt-) Wullersdorfer Geschichte(n)Haus
404	https://datenbank.noemuseen.at/db/museum-detail.asp?oid=404	Langenlois	1. Europäisches Dachdeckermuseum - Fritz und Rupert Hatschek-Museum
434	https://datenbank.noemuseen.at/db/museum-detail.asp?oid=434	Missingdorf	1. Niederösterreichisches Schnapsbrennerei-Museum
21070	https://datenbank.noemuseen.at/db/museum-detail.asp?oid=21070	Oberwölbling	1. NÖ Fleischereimuseum
814	https://datenbank.noemuseen.at/db/museum-detail.asp?oid=814	Vösendorf	1. NÖ Krippenmuseum Vösendorf
532	https://datenbank.noemuseen.at/db/museum-detail.asp?oid=532	Neupölla	1. Österr. Museum für Alltagsgeschichte und Kulturhof Neupölla
33	https://datenbank.noemuseen.at/db/museum-detail.asp?oid=33	Dunkelstein	1. österr. Zündmaschinenmuseum
692	https://datenbank.noemuseen.at/db/museum-detail.asp?oid=692	Ottenschlag	1. österreichisches Mohnmuseum
249	https://datenbank.noemuseen.at/db/museum-detail.asp?oid=249	Raglitz	1. Raglitzer Dorfmuseum
18020	https://datenbank.noemuseen.at/db/museum-detail.asp?oid=18020	Ottenschlag	180er KIKKER - Traktorenmuseum der anderen Art
23	https://datenbank.noemuseen.at/db/museum-detail.asp?oid=23	Waidhofen an der Ybbs	5-Elemente-Museum Waidhofen/Ybbs
7138	https://datenbank.noemuseen.at/db/museum-detail.asp?oid=7138	Paudorf	Abt Johannes Dizent Museum
21403	https://datenbank.noemuseen.at/db/museum-detail.asp?oid=21403	Zwentendorf	AKW Zwentendorf
20	https://datenbank.noemuseen.at/db/museum-detail.asp?oid=20	Mödling	Albert-Drach-Gedenkstätte
270	https://datenbank.noemuseen.at/db/museum-detail.asp?oid=270	Alland	Allander Tropfsteinhöhlen-Sammlung
369	https://datenbank.noemuseen.at/db/museum-detail.asp?oid=369	Reichenau an der Rax	Alpengarten Raxalpe
233	https://datenbank.noemuseen.at/db/museum-detail.asp?oid=233	Maiersdorf	Alpin- und Heimatmuseum Hohe Wand
662	https://datenbank.noemuseen.at/db/museum-detail.asp?oid=662	Schönberg am Kamp	Alte Schmiede, Sommerfrische Museum
848	https://datenbank.noemuseen.at/db/museum-detail.asp?oid=848	Maissau	Amethyst Welt Maissau
554	https://datenbank.noemuseen.at/db/museum-detail.asp?oid=554	Mödling	Anton-und-Friedrich-Wildgans-Archiv & Gedenkstätte
19001	https://datenbank.noemuseen.at/db/museum-detail.asp?oid=19001	Eggenburg	aÖ Iss Dialekt - Mühlenmuseum und Schauölmühle
831	https://datenbank.noemuseen.at/db/museum-detail.asp?oid=831	Ernstbrunn	Archäologiepark Oberleiserberg
325	https://datenbank.noemuseen.at/db/museum-detail.asp?oid=325	Traismauer	Archäologische Ausgrabungen in der Unterkirche Traismauer
220	https://datenbank.noemuseen.at/db/museum-detail.asp?oid=220	Klosterneuburg	Archäologische Gedenkstätte St. Martin
615	https://datenbank.noemuseen.at/db/museum-detail.asp?oid=615	Schiltern	ARCHE NOAH Schaugarten
101	https://datenbank.noemuseen.at/db/museum-detail.asp?oid=101	St. Veit an der Triesting	Archiv und Helmsammlung der FF St. Veit an der Triesting
12886	https://datenbank.noemuseen.at/db/museum-detail.asp?oid=12886	Wullersdorf	Armenhaus/Cholera-Museum Wullersdorf
17	https://datenbank.noemuseen.at/db/museum-detail.asp?oid=17	Baden	Arnulf Rainer Museum
19021	https://datenbank.noemuseen.at/db/museum-detail.asp?oid=19021	Reith	Art Room Würth Austria
81	https://datenbank.noemuseen.at/db/museum-detail.asp?oid=81	Sankt Pölten	art.room
13784	https://datenbank.noemuseen.at/db/museum-detail.asp?oid=13784	Eggenburg	ARTGalerie Eggenburg
730	https://datenbank.noemuseen.at/db/museum-detail.asp?oid=730	Stein	Artothek
852	https://datenbank.noemuseen.at/db/museum-detail.asp?oid=852	Kleinpertholz	Atelier - Galerie Zeh mit Franz-Zeh Museum
20184	https://datenbank.noemuseen.at/db/museum-detail.asp?oid=20184	Ybbs	Atelier an der Donau
866	https://datenbank.noemuseen.at/db/museum-detail.asp?oid=866	Klosterneuburg	Au-Erlebnisweg Klosterneuburg
18928	https://datenbank.noemuseen.at/db/museum-detail.asp?oid=18928	Hollabrunn	Auf den Spuren der Kellerkatze
491	https://datenbank.noemuseen.at/db/museum-detail.asp?oid=491	Thaya	Ausgrabungen "Wüstungen Hard und Kleinhard bei Thaya"
493	https://datenbank.noemuseen.at/db/museum-detail.asp?oid=493	Thunau	Ausgrabungen Schanzberg in Gars Thunau
188	https://datenbank.noemuseen.at/db/museum-detail.asp?oid=188	Sankt Anton an der Jeßnitz	Ausstellung Hochbärneck
792	https://datenbank.noemuseen.at/db/museum-detail.asp?oid=792	Weidling	Ausstellungen und Archiv des Kulturvereins Weidling
64	https://datenbank.noemuseen.at/db/museum-detail.asp?oid=64	Hadersdorf am Kamp	Ausstellungshaus Spoerri
754	https://datenbank.noemuseen.at/db/museum-detail.asp?oid=754	Traunstein	Ausstellungszentrum Josef Elter
19012	https://datenbank.noemuseen.at/db/museum-detail.asp?oid=19012	Bad Vöslau	Austrian-Aviation-Museum (AAM)
16078	https://datenbank.noemuseen.at/db/museum-detail.asp?oid=16078	Aspang	Automobilmuseum Aspang Markt
755	https://datenbank.noemuseen.at/db/museum-detail.asp?oid=755	Bärnkopf	B10 Holzhackermuseum Bärnkopf
41	https://datenbank.noemuseen.at/db/museum-detail.asp?oid=41	Mühldorf	Bäckereimuseum Mühldorf
105	https://datenbank.noemuseen.at/db/museum-detail.asp?oid=105	Erlach	Bad Erlacher Heimatmuseum
723	https://datenbank.noemuseen.at/db/museum-detail.asp?oid=723	Kirchberg an der Pielach	Bahn im Bahnhof - Modellbahnmuseum Mariazellerbahn
17694	https://datenbank.noemuseen.at/db/museum-detail.asp?oid=17694	Hofstetten	Bahnhofsmuseum Hofstetten-Grünau
194	https://datenbank.noemuseen.at/db/museum-detail.asp?oid=194	Eckartsau	Barockjagdschloss Eckartsau
30	https://datenbank.noemuseen.at/db/museum-detail.asp?oid=30	Mistelbach	Barockschlössl Mistelbach
14061	https://datenbank.noemuseen.at/db/museum-detail.asp?oid=14061	Wilfleinsdorf	Bauern- und Dorfmuseum Johann Öhlwerther
10836	https://datenbank.noemuseen.at/db/museum-detail.asp?oid=10836	Michelbach	Bauern- und Handwerksmuseum
114	https://datenbank.noemuseen.at/db/museum-detail.asp?oid=114	Göstling an der Ybbs	Bauernhausmuseum "Ablaß"
9525	https://datenbank.noemuseen.at/db/museum-detail.asp?oid=9525	Gföhleramt	Bauernhofmuseum Gföhleramt
820	https://datenbank.noemuseen.at/db/museum-detail.asp?oid=820	Pfaffing	Bauernmuseum Hafnerbach
381	https://datenbank.noemuseen.at/db/museum-detail.asp?oid=381	Kalladorf	Bauernmuseum Kalladorf
405	https://datenbank.noemuseen.at/db/museum-detail.asp?oid=405	Lanzenkirchen	Bauernmuseum Lanzenkirchen
470	https://datenbank.noemuseen.at/db/museum-detail.asp?oid=470	Altmelon	Bauernmuseum Wagner
18543	https://datenbank.noemuseen.at/db/museum-detail.asp?oid=18543	Tribuswinkel	Baum- und Strauchlehrpfad im Schlosspark Tribuswinkel
248	https://datenbank.noemuseen.at/db/museum-detail.asp?oid=248	Mödling	Beethoven-Gedenkstätte
331	https://datenbank.noemuseen.at/db/museum-detail.asp?oid=331	Gneixendorf	Beethovenhaus - Erinnerungsräume
191	https://datenbank.noemuseen.at/db/museum-detail.asp?oid=191	Baden	Beethovenhaus Baden
686	https://datenbank.noemuseen.at/db/museum-detail.asp?oid=686	Ruprechtshofen	Benedict Randhartinger Museum
883	https://datenbank.noemuseen.at/db/museum-detail.asp?oid=883	Altenburg	Benediktinerabtei Stift Altenburg
334	https://datenbank.noemuseen.at/db/museum-detail.asp?oid=334	Göttweig	Benediktinerstift Göttweig - Museum im Kaisertrakt
432	https://datenbank.noemuseen.at/db/museum-detail.asp?oid=432	Melk	Benediktinerstift Melk - Stiftssammlungen
198	https://datenbank.noemuseen.at/db/museum-detail.asp?oid=198	Frankenfels	Bergbauernmuseum Hausstein
342	https://datenbank.noemuseen.at/db/museum-detail.asp?oid=342	Grünbach am Schneeberg	Bergbaumuseum Grünbach
654	https://datenbank.noemuseen.at/db/museum-detail.asp?oid=654	Gumpoldskirchen	Bergerhaus - Weinbaumuseum
837	https://datenbank.noemuseen.at/db/museum-detail.asp?oid=837	Angern	Bergwerkgedenkweg
69	https://datenbank.noemuseen.at/db/museum-detail.asp?oid=69	Berndorf	Berndorfer Stilklassen
19023	https://datenbank.noemuseen.at/db/museum-detail.asp?oid=19023	Donaudorf	Besucherkraftwerk Ybbs-Persenbeug
20800	https://datenbank.noemuseen.at/db/museum-detail.asp?oid=20800	Schwechat	Besucherwelt Flughafen Wien-Schwechat
154	https://datenbank.noemuseen.at/db/museum-detail.asp?oid=154	Lilienfeld	Bezirksmuseum Lilienfeld mit FIS Zdarsky-Skimuseum
688	https://datenbank.noemuseen.at/db/museum-detail.asp?oid=688	Stockerau	Bezirksmuseum Stockerau
53	https://datenbank.noemuseen.at/db/museum-detail.asp?oid=53	Pernitz	Biedermeier Erlebnisweg Piestingtal
401	https://datenbank.noemuseen.at/db/museum-detail.asp?oid=401	Laa an der Thaya	Biermuseum in der Burg Laa/Thaya
699	https://datenbank.noemuseen.at/db/museum-detail.asp?oid=699	Langschlag	Biermuseum Langschlag
332	https://datenbank.noemuseen.at/db/museum-detail.asp?oid=332	Gobelsburg	Bildstockwanderweg Gobelsburg
485	https://datenbank.noemuseen.at/db/museum-detail.asp?oid=485	Straß im Straßertale	Bildstockwanderweg Straß
211350	https://datenbank.noemuseen.at/db/museum-detail.asp?oid=211350	Lanzenkirchen	Bourbonen-Weg Lanzenkirchen
753	https://datenbank.noemuseen.at/db/museum-detail.asp?oid=753	Radlbrunn	Brandlhof
512	https://datenbank.noemuseen.at/db/museum-detail.asp?oid=512	Wieselburg	Brauereimuseum Wieselburg
838	https://datenbank.noemuseen.at/db/museum-detail.asp?oid=838	Scheutz	Brauhaus Museum
757	https://datenbank.noemuseen.at/db/museum-detail.asp?oid=757	Weitra	Braumuseum im Schloss Weitra
881	https://datenbank.noemuseen.at/db/museum-detail.asp?oid=881	Bromberg	Bromberger Hexenweg
17624	https://datenbank.noemuseen.at/db/museum-detail.asp?oid=17624	Gloggnitz	Brot- und Mühlen-Lehrmuseum in Gloggnitz
47	https://datenbank.noemuseen.at/db/museum-detail.asp?oid=47	Brunn am Gebirge	Brunner Heimathaus Gliedererhof
29250	https://datenbank.noemuseen.at/db/museum-detail.asp?oid=29250	Grimmenstein	Burg Grimmenstein
358	https://datenbank.noemuseen.at/db/museum-detail.asp?oid=358	Hardegg	Burg Hardegg (Maximilian von Mexiko-Museum u. Waffensammlung)
230	https://datenbank.noemuseen.at/db/museum-detail.asp?oid=230	Leobendorf	Burg Kreuzenstein
784	https://datenbank.noemuseen.at/db/museum-detail.asp?oid=784	Rappottenstein	Burg Rappottenstein
720	https://datenbank.noemuseen.at/db/museum-detail.asp?oid=720	Reinsberg	Burgarena Reinsberg
17413	https://datenbank.noemuseen.at/db/museum-detail.asp?oid=17413	Maria Enzersdorf	Burgmuseum Burg Liechtenstein
124	https://datenbank.noemuseen.at/db/museum-detail.asp?oid=124	Heidenreichstein	Burgmuseum Heidenreichstein
794	https://datenbank.noemuseen.at/db/museum-detail.asp?oid=794	Aggstein	Burgruine Aggstein
663	https://datenbank.noemuseen.at/db/museum-detail.asp?oid=663	Falkenstein	Burgruine Falkenstein mit Täufergwölb
739	https://datenbank.noemuseen.at/db/museum-detail.asp?oid=739	Hardegg	Burgruine Feste Kaja
810	https://datenbank.noemuseen.at/db/museum-detail.asp?oid=810	Staatz-Kautendorf	Burgruine Staatz
561	https://datenbank.noemuseen.at/db/museum-detail.asp?oid=561	Sankt Peter in der Au	Carl Zeller-Museum
73	https://datenbank.noemuseen.at/db/museum-detail.asp?oid=73	Steinabrunn	Christine & Rupert's Bike Oldtimer Motorradmuseum
16178	https://datenbank.noemuseen.at/db/museum-detail.asp?oid=16178	Steinabrunn	Christine & Rupert's Generations-Schätze-Museum
20495	https://datenbank.noemuseen.at/db/museum-detail.asp?oid=20495	St. Corona am Wechsel	Coronas Ameisenpfad
498	https://datenbank.noemuseen.at/db/museum-detail.asp?oid=498	Unterrohrbach	Dampf- und Dieselgarage
18769	https://datenbank.noemuseen.at/db/museum-detail.asp?oid=18769	Breitstetten	Dampfmaschinenmuseum Breitstetten
9565	https://datenbank.noemuseen.at/db/museum-detail.asp?oid=9565	Zogelsdorf	Das Biotop Zogelsdorfer Baumkreis
18619	https://datenbank.noemuseen.at/db/museum-detail.asp?oid=18619	Altenmarkt an der Triesting	Das kleine Bahn-Museum
58	https://datenbank.noemuseen.at/db/museum-detail.asp?oid=58	Schrems	Das Kunstmuseum Waldviertel
456	https://datenbank.noemuseen.at/db/museum-detail.asp?oid=456	Purgstall	Das Museum im Ledererhaus
75	https://datenbank.noemuseen.at/db/museum-detail.asp?oid=75	Sigmundsherberg	Das Österreichische Motorradmuseum - Sammlung Ehn
429	https://datenbank.noemuseen.at/db/museum-detail.asp?oid=429	Melk	Dauerausstellung in der Gedenkstätte des ehemaligen Konzentrationslagers Melk
262	https://datenbank.noemuseen.at/db/museum-detail.asp?oid=262	Bad Pirawarth	Dependance Bad Pirawarth
258	https://datenbank.noemuseen.at/db/museum-detail.asp?oid=258	Perchtoldsdorf	Deutschmeistermuseum
647	https://datenbank.noemuseen.at/db/museum-detail.asp?oid=647	Sankt Anton an der Jeßnitz	Die "Bruderlade" in St. Anton an der Jeßnitz
564	https://datenbank.noemuseen.at/db/museum-detail.asp?oid=564	Sankt Pölten	Diözesanmuseum St. Pölten
140	https://datenbank.noemuseen.at/db/museum-detail.asp?oid=140	Kollmitzdörfl	Dokumentation über Leben und Werk des Topographen Georg Matthäus Vischer (1628-1696)
304	https://datenbank.noemuseen.at/db/museum-detail.asp?oid=304	Edlitz	Dokumentation Wehrkirchenstraße
567	https://datenbank.noemuseen.at/db/museum-detail.asp?oid=567	Sankt Pölten	Dokumentationsstelle für Literatur in Niederösterreich
206	https://datenbank.noemuseen.at/db/museum-detail.asp?oid=206	Golling an der Erlauf	Dokumentationszentrum Prof. Sepp Mayrhuber
728	https://datenbank.noemuseen.at/db/museum-detail.asp?oid=728	Hagendorf	Dorfmuseum Hagendorf
142	https://datenbank.noemuseen.at/db/museum-detail.asp?oid=142	Kritzendorf	Dorfmuseum Kritzendorf
415	https://datenbank.noemuseen.at/db/museum-detail.asp?oid=415	Maiersdorf	Dorfmuseum Maiersdorf
18839	https://datenbank.noemuseen.at/db/museum-detail.asp?oid=18839	Pernerdorf	Dorfmuseum Pernersdorf
548	https://datenbank.noemuseen.at/db/museum-detail.asp?oid=548	Roiten	Dorfmuseum Roiten mit Hundertwasser-Dokumentation
504	https://datenbank.noemuseen.at/db/museum-detail.asp?oid=504	Weinburg	Dorfmuseum Weinburg
531	https://datenbank.noemuseen.at/db/museum-detail.asp?oid=531	Zwingendorf	Dorfmuseum Zwingendorf
598	https://datenbank.noemuseen.at/db/museum-detail.asp?oid=598	Texing	Dr. Engelbert Dollfuß Museum
203	https://datenbank.noemuseen.at/db/museum-detail.asp?oid=203	Gloggnitz	Dr. Karl Renner-Museum für Zeitgeschichte
727	https://datenbank.noemuseen.at/db/museum-detail.asp?oid=727	Hagendorf	Drechsler Museum
216	https://datenbank.noemuseen.at/db/museum-detail.asp?oid=216	Pulkau	Drechslereimuseum
766	https://datenbank.noemuseen.at/db/museum-detail.asp?oid=766	Ober-Grafendorf	Drogerie-Museum in der "World of STYX"
24	https://datenbank.noemuseen.at/db/museum-detail.asp?oid=24	Mannersdorf am Leithagebirge	Edmund Adler-Galerie
494	https://datenbank.noemuseen.at/db/museum-detail.asp?oid=494	Tulln	Egon Schiele Geburtshaus
344	https://datenbank.noemuseen.at/db/museum-detail.asp?oid=344	Tulln	Egon Schiele Museum
689	https://datenbank.noemuseen.at/db/museum-detail.asp?oid=689	Neulengbach	Egon Schiele Neulengbach
15360	https://datenbank.noemuseen.at/db/museum-detail.asp?oid=15360	Neulengbach	Egon Schiele Rundweg
14911	https://datenbank.noemuseen.at/db/museum-detail.asp?oid=14911	Tulln	Egon Schiele-Weg - auf den Spuren der Kindheit des Künstlers
569	https://datenbank.noemuseen.at/db/museum-detail.asp?oid=569	Sankt Pölten	Ehemalige Synagoge St. Pölten, Institut für jüdische Geschichte Österreichs
8474	https://datenbank.noemuseen.at/db/museum-detail.asp?oid=8474	Dietmanns (Bez. Waidhofen/Thaya)	Eichkundliche Sammlung Wagner
14460	https://datenbank.noemuseen.at/db/museum-detail.asp?oid=14460	Grafenberg	Eisenbahn- und Heimatmuseum Grafenberg
18885	https://datenbank.noemuseen.at/db/museum-detail.asp?oid=18885	Langschlag	Eisenbahnmuseum - Langschlag
708	https://datenbank.noemuseen.at/db/museum-detail.asp?oid=708	Strasshof an der Nordbahn	Eisenbahnmuseum "Das Heizhaus"
162	https://datenbank.noemuseen.at/db/museum-detail.asp?oid=162	Deutsch-Wagram	Eisenbahnmuseum Deutsch-Wagram
79	https://datenbank.noemuseen.at/db/museum-detail.asp?oid=79	Puchberg am Schneeberg	Eisenbahnmuseum Schneeberg
620	https://datenbank.noemuseen.at/db/museum-detail.asp?oid=620	Schwarzenau	Eisenbahnmuseum Schwarzenau
638	https://datenbank.noemuseen.at/db/museum-detail.asp?oid=638	Schwechat	Eisenbahnmuseum Schwechat
496	https://datenbank.noemuseen.at/db/museum-detail.asp?oid=496	Unterretzbach	Eisenbahnmuseum Unterretzbach
719	https://datenbank.noemuseen.at/db/museum-detail.asp?oid=719	Stratzing	Eiszeitwanderweg
193	https://datenbank.noemuseen.at/db/museum-detail.asp?oid=193	Prottes	Erdöl-Erdgas-Lehrpfad Prottes
443	https://datenbank.noemuseen.at/db/museum-detail.asp?oid=443	Neusiedl an der Zaya	Erdölmuseum Neusiedl an der Zaya
738	https://datenbank.noemuseen.at/db/museum-detail.asp?oid=738	Althöflein	Erdstallanlagen am Kapellenberg Althöflein
845	https://datenbank.noemuseen.at/db/museum-detail.asp?oid=845	Gösing am Wagram	Erdställe im Heiss'n Haus
310	https://datenbank.noemuseen.at/db/museum-detail.asp?oid=310	Erlauf	ERLAUF ERINNERT. Museum der Friedensgemeinde Erlauf
227	https://datenbank.noemuseen.at/db/museum-detail.asp?oid=227	Purgstall	Erlauftaler Feuerwehrmuseum
134	https://datenbank.noemuseen.at/db/museum-detail.asp?oid=134	Kirchberg am Wechsel	Erlebnismühle Molzbachhof-Mühle
21079	https://datenbank.noemuseen.at/db/museum-detail.asp?oid=21079	Hausleiten	Erlebnisweg "Kultur verbindet"
876	https://datenbank.noemuseen.at/db/museum-detail.asp?oid=876	Unterhöflein	Erlebnisweg "Mit allen Sinnen genießen"
19922	https://datenbank.noemuseen.at/db/museum-detail.asp?oid=19922	Kapelln	Erlebnisweg zum Mittelpunkt von Niederösterreich
52	https://datenbank.noemuseen.at/db/museum-detail.asp?oid=52	Stein	Ernst Krenek Forum
51	https://datenbank.noemuseen.at/db/museum-detail.asp?oid=51	Bad Pirawarth	Erstes österreichisches Computermuseum Bad Pirawarth
56	https://datenbank.noemuseen.at/db/museum-detail.asp?oid=56	Herrnbaumgarten	Erstes Österreichisches Küchenmuseum
449	https://datenbank.noemuseen.at/db/museum-detail.asp?oid=449	Pöchlarn	Erstes Österreichisches Tischler-Museum
278	https://datenbank.noemuseen.at/db/museum-detail.asp?oid=278	Artstetten	Erzherzog Franz Ferdinand Museum Schloss Artstetten & Gedenkstätte
492	https://datenbank.noemuseen.at/db/museum-detail.asp?oid=492	Thernberg	Erzherzog Johann-Dokumentation
18890	https://datenbank.noemuseen.at/db/museum-detail.asp?oid=18890	Mödling	Essinger-Haus
10738	https://datenbank.noemuseen.at/db/museum-detail.asp?oid=10738	Wiener Neudorf	eumigMuseum
497	https://datenbank.noemuseen.at/db/museum-detail.asp?oid=497	Ybbsitz	Fahrngruber Hammer mit angeschlossenem Köhlereimuseum
623	https://datenbank.noemuseen.at/db/museum-detail.asp?oid=623	Retz	Fahrradmuseum Retz, "S´Fahrradl im Schloss"
478	https://datenbank.noemuseen.at/db/museum-detail.asp?oid=478	Vösendorf	Fahrradmuseum Schloss Vösendorf
596	https://datenbank.noemuseen.at/db/museum-detail.asp?oid=596	Ybbs	Fahrradmuseum Ybbs an der Donau
697	https://datenbank.noemuseen.at/db/museum-detail.asp?oid=697	Straß im Straßertale	Fassbinderei- und Weinbaumuseum
283	https://datenbank.noemuseen.at/db/museum-detail.asp?oid=283	Außerfahrafeld	Feld- und Industriebahnmuseum Freiland (FIM)
346	https://datenbank.noemuseen.at/db/museum-detail.asp?oid=346	Gutenstein	Ferdinand Raimund-Museum u. Gedenkstätte
861	https://datenbank.noemuseen.at/db/museum-detail.asp?oid=861	Ybbsitz	FeRRUM "welt des eisens"
78	https://datenbank.noemuseen.at/db/museum-detail.asp?oid=78	Bruck an der Leitha	Feuerwehrmuseum Bruck an der Leitha
495	https://datenbank.noemuseen.at/db/museum-detail.asp?oid=495	Türnitz	Feuerwehrmuseum der Freiwilligen Feuerwehr Türnitz
650	https://datenbank.noemuseen.at/db/museum-detail.asp?oid=650	Dobersberg	Feuerwehrmuseum Dobersberg
19	https://datenbank.noemuseen.at/db/museum-detail.asp?oid=19	Fischamend	Feuerwehrmuseum Fischamend
197	https://datenbank.noemuseen.at/db/museum-detail.asp?oid=197	Gablitz	Feuerwehrmuseum Gablitz
696	https://datenbank.noemuseen.at/db/museum-detail.asp?oid=696	Gars am Kamp	Feuerwehrmuseum Gars am Kamp
119	https://datenbank.noemuseen.at/db/museum-detail.asp?oid=119	Gumpoldskirchen	Feuerwehrmuseum Gumpoldskirchen
672	https://datenbank.noemuseen.at/db/museum-detail.asp?oid=672	Gutenstein	Feuerwehrmuseum Gutenstein
348	https://datenbank.noemuseen.at/db/museum-detail.asp?oid=348	Haag	Feuerwehrmuseum Haag
423	https://datenbank.noemuseen.at/db/museum-detail.asp?oid=423	Maria Enzersdorf	Feuerwehrmuseum Maria Enzersdorf
447	https://datenbank.noemuseen.at/db/museum-detail.asp?oid=447	Perchtoldsdorf	Feuerwehrmuseum Perchtoldsdorf
714	https://datenbank.noemuseen.at/db/museum-detail.asp?oid=714	Spillern	Feuerwehrmuseum Spillern
487	https://datenbank.noemuseen.at/db/museum-detail.asp?oid=487	Straß im Straßertale	Feuerwehrmuseum Straß
651	https://datenbank.noemuseen.at/db/museum-detail.asp?oid=651	Kammerhof	Feuerwehrsammlung Hofstetten
12810	https://datenbank.noemuseen.at/db/museum-detail.asp?oid=12810	Fischamend	Fischamender Museum für Luftfahrt und Zeitgeschichte
100	https://datenbank.noemuseen.at/db/museum-detail.asp?oid=100	Ruprechtshofen	Flipper- und Musikboxensammlung "Pindigiland"
18514	https://datenbank.noemuseen.at/db/museum-detail.asp?oid=18514	Lichtenau	Flippermuseum Lichtenau e. U.
858	https://datenbank.noemuseen.at/db/museum-detail.asp?oid=858	Wiener Neustadt	Folterzelle-Gedenkraum
18	https://datenbank.noemuseen.at/db/museum-detail.asp?oid=18	Stein	Forum Frohner
515	https://datenbank.noemuseen.at/db/museum-detail.asp?oid=515	Wolkersdorf im Weinviertel	forumschlosswolkersdorf
584	https://datenbank.noemuseen.at/db/museum-detail.asp?oid=584	Obernholz	Fossilienschauraum Obernholz
83	https://datenbank.noemuseen.at/db/museum-detail.asp?oid=83	Stetten	Fossilienwelt
488	https://datenbank.noemuseen.at/db/museum-detail.asp?oid=488	Teesdorf	Franz Jonas-Gedenkraum
137	https://datenbank.noemuseen.at/db/museum-detail.asp?oid=137	Kierling	Franz Kafka-Gedenkraum
261	https://datenbank.noemuseen.at/db/museum-detail.asp?oid=261	Perchtoldsdorf	Franz Schmidt-Gedenkstätte
538	https://datenbank.noemuseen.at/db/museum-detail.asp?oid=538	Pöggstall	Franz Traunfellner-Dokumentation
98	https://datenbank.noemuseen.at/db/museum-detail.asp?oid=98	Traiskirchen	Franz-Kroller-Sternwarte Traiskirchen
217	https://datenbank.noemuseen.at/db/museum-detail.asp?oid=217	Kirchbach	Freilichtmuseum Brettersäge Kirchbach
700	https://datenbank.noemuseen.at/db/museum-detail.asp?oid=700	Elsarn	Freilichtmuseum Germanisches Gehöft
834	https://datenbank.noemuseen.at/db/museum-detail.asp?oid=834	Wietzen	Freilichtmuseum Künstlergarten
461	https://datenbank.noemuseen.at/db/museum-detail.asp?oid=461	Sankt Anton an der Jeßnitz	Freilichtmuseum St. Anton an der Jeßnitz
803	https://datenbank.noemuseen.at/db/museum-detail.asp?oid=803	Langau	Freizeitmuseum Langau - gestern, heute, morgen
6	https://datenbank.noemuseen.at/db/museum-detail.asp?oid=6	Roseldorf	Fürstensitz-Keltenstadt Sandberg - Keltenausstellung
108	https://datenbank.noemuseen.at/db/museum-detail.asp?oid=108	Gaaden	Gaadner Heimatmuseum
782	https://datenbank.noemuseen.at/db/museum-detail.asp?oid=782	Neulengbach	Galerie am Lieglweg
830	https://datenbank.noemuseen.at/db/museum-detail.asp?oid=830	Zwettl	Galerie Blaugelbezwettl
844	https://datenbank.noemuseen.at/db/museum-detail.asp?oid=844	Stein	Galerie Göttlicher
18386	https://datenbank.noemuseen.at/db/museum-detail.asp?oid=18386	Hollabrunn	Galerie grenzART
163	https://datenbank.noemuseen.at/db/museum-detail.asp?oid=163	Prigglitz	Galerie Gut Gasteil
21078	https://datenbank.noemuseen.at/db/museum-detail.asp?oid=21078	Krems	Galerie Kopriva Krems
9288	https://datenbank.noemuseen.at/db/museum-detail.asp?oid=9288	Kirchstetten bei Böheimkirchen	Galerie M
828	https://datenbank.noemuseen.at/db/museum-detail.asp?oid=828	Sankt Pölten	Galerie Maringer - Salon für Kunst und Kommunikation
141	https://datenbank.noemuseen.at/db/museum-detail.asp?oid=141	Krems	Galerie Stadtpark Krems
13853	https://datenbank.noemuseen.at/db/museum-detail.asp?oid=13853	Untergrub	Galerie Untergrub
12356	https://datenbank.noemuseen.at/db/museum-detail.asp?oid=12356	Puchberg am Schneeberg	Galerie VOKA
94	https://datenbank.noemuseen.at/db/museum-detail.asp?oid=94	Moorbad Harbach	Garten der Menschenrechte
18317	https://datenbank.noemuseen.at/db/museum-detail.asp?oid=18317	Schiltern	GARTENWEG Schiltern
243	https://datenbank.noemuseen.at/db/museum-detail.asp?oid=243	Miesenbach	Gauermann Museum
129	https://datenbank.noemuseen.at/db/museum-detail.asp?oid=129	Hochwolkersdorf	Gedenkraum 1945
17524	https://datenbank.noemuseen.at/db/museum-detail.asp?oid=17524	Sigmundsherberg	Gedenkweg: Von der Gefangenschaft zum Frieden
472	https://datenbank.noemuseen.at/db/museum-detail.asp?oid=472	Schweiggers	Gemeindemuseum Schweiggers
805	https://datenbank.noemuseen.at/db/museum-detail.asp?oid=805	Albrechtsberg an der Großen Krems	Geologischer Lehrpfad Hartenstein
806	https://datenbank.noemuseen.at/db/museum-detail.asp?oid=806	Kottes	Geologisch-Lagerstättenkundlicher Lehrpfad "Da Stoanige Weg"
466	https://datenbank.noemuseen.at/db/museum-detail.asp?oid=466	Sankt Valentin	Geschichtliches Museum der Stadt St. Valentin
780	https://datenbank.noemuseen.at/db/museum-detail.asp?oid=780	Puchenstuben	Gesteinslehrpfad Puchenstuben
13175	https://datenbank.noemuseen.at/db/museum-detail.asp?oid=13175	Breitenstein	Ghega-Museum Breitenstein
112	https://datenbank.noemuseen.at/db/museum-detail.asp?oid=112	Gmünd	Glas- und Steinmuseum
12135	https://datenbank.noemuseen.at/db/museum-detail.asp?oid=12135	Weigelsdorf	Glasmuseum "Die gläserne Burg"
704	https://datenbank.noemuseen.at/db/museum-detail.asp?oid=704	Alt-Nagelberg	Glasmuseum Apfelthaler
213737	https://datenbank.noemuseen.at/db/museum-detail.asp?oid=213737	Mitterbachseerotte	GLAUBENsREICH und Evang. Kirche Mitterbach
213811	https://datenbank.noemuseen.at/db/museum-detail.asp?oid=213811	Stockerau	Golfsrudel-Museum
611	https://datenbank.noemuseen.at/db/museum-detail.asp?oid=611	Oberdürnbach	Gottfried von Einem Haus
20075	https://datenbank.noemuseen.at/db/museum-detail.asp?oid=20075	Krems	Gozzoburg Krems
12067	https://datenbank.noemuseen.at/db/museum-detail.asp?oid=12067	Kirchbach	Grafik-Kabinett Erich Steininger
185	https://datenbank.noemuseen.at/db/museum-detail.asp?oid=185	Herrnbaumgarten	Greisslermuseum Herrnbaumgarten
238	https://datenbank.noemuseen.at/db/museum-detail.asp?oid=238	Raabs an der Thaya	Grenzlandmuseum
518	https://datenbank.noemuseen.at/db/museum-detail.asp?oid=518	Wieselburg	Großmutters Stübchen
14275	https://datenbank.noemuseen.at/db/museum-detail.asp?oid=14275	Gschwendt	Gschichtl-Museum
103	https://datenbank.noemuseen.at/db/museum-detail.asp?oid=103	Hardegg	Guckkasten Museum
9567	https://datenbank.noemuseen.at/db/museum-detail.asp?oid=9567	Spitz an der Donau	Gunther Philipp Museum
16064	https://datenbank.noemuseen.at/db/museum-detail.asp?oid=16064	Hainfeld	Hainfeld Museum
156	https://datenbank.noemuseen.at/db/museum-detail.asp?oid=156	Hameten	Hametner Bauernmuseum
152	https://datenbank.noemuseen.at/db/museum-detail.asp?oid=152	Lunz am See	Hammerherrenmuseum Lunz am See
8870	https://datenbank.noemuseen.at/db/museum-detail.asp?oid=8870	Krumau am Kamp	Hammerschmiede Krumau
775	https://datenbank.noemuseen.at/db/museum-detail.asp?oid=775	Ybbsitz	Hammerwerk Eybl
16274	https://datenbank.noemuseen.at/db/museum-detail.asp?oid=16274	Lunz am See	Handarbeitsmuseum Lunz am See
626	https://datenbank.noemuseen.at/db/museum-detail.asp?oid=626	Schönbach	Handwerksmuseum Schönbach
89	https://datenbank.noemuseen.at/db/museum-detail.asp?oid=89	Reingers	Hanfmuseum
19721	https://datenbank.noemuseen.at/db/museum-detail.asp?oid=19721	Arbesbach	Hasls kleines Museum
12354	https://datenbank.noemuseen.at/db/museum-detail.asp?oid=12354	Petzenkirchen	Haubiversum
123274	https://datenbank.noemuseen.at/db/museum-detail.asp?oid=123274	Gmünd	Haus der Gmünder Zeitgeschichte
209	https://datenbank.noemuseen.at/db/museum-detail.asp?oid=209	Kleinpertholz	Haus des Moores & Heimatmuseum
320	https://datenbank.noemuseen.at/db/museum-detail.asp?oid=320	Franzenreith	Hausmühle
21376	https://datenbank.noemuseen.at/db/museum-detail.asp?oid=21376	Maria Taferl	Hausmuseum Alpenpanorama Maria Taferl
192	https://datenbank.noemuseen.at/db/museum-detail.asp?oid=192	Deutsch-Wagram	Heimat- und Napoleonmuseum (Erzherzog Carl-Haus)
380	https://datenbank.noemuseen.at/db/museum-detail.asp?oid=380	Jaidhof	Heimatmuseum "Altes Eishaus" Jaidhof
106	https://datenbank.noemuseen.at/db/museum-detail.asp?oid=106	Emmersdorf an der Donau	Heimatmuseum "Gramurigwölb"
301	https://datenbank.noemuseen.at/db/museum-detail.asp?oid=301	Dreistetten	Heimatmuseum "Scherrerwirt"
25	https://datenbank.noemuseen.at/db/museum-detail.asp?oid=25	Bad Großpertholz	Heimatmuseum Bad Großpertholz
224	https://datenbank.noemuseen.at/db/museum-detail.asp?oid=224	Langenlois	Heimatmuseum der Stadt Langenlois
417	https://datenbank.noemuseen.at/db/museum-detail.asp?oid=417	Mank	Heimatmuseum der Stadt Mank
624	https://datenbank.noemuseen.at/db/museum-detail.asp?oid=624	Unterwaltersdorf	Heimatmuseum Ebreichsdorf
19955	https://datenbank.noemuseen.at/db/museum-detail.asp?oid=19955	Eggendorf	Heimatmuseum Eggendorf
159	https://datenbank.noemuseen.at/db/museum-detail.asp?oid=159	Ernstbrunn	Heimatmuseum Ernstbrunn
195	https://datenbank.noemuseen.at/db/museum-detail.asp?oid=195	Fels am Wagram	Heimatmuseum Fels am Wagram
319	https://datenbank.noemuseen.at/db/museum-detail.asp?oid=319	Fischamend	Heimatmuseum Fischamend
109	https://datenbank.noemuseen.at/db/museum-detail.asp?oid=109	Gablitz	Heimatmuseum Gablitz
335	https://datenbank.noemuseen.at/db/museum-detail.asp?oid=335	Grafenwörth	Heimatmuseum Grafenwörth
179	https://datenbank.noemuseen.at/db/museum-detail.asp?oid=179	Großenzersdorf	Heimatmuseum Groß-Enzersdorf
117	https://datenbank.noemuseen.at/db/museum-detail.asp?oid=117	Großschönau	Heimatmuseum Großschönau
343	https://datenbank.noemuseen.at/db/museum-detail.asp?oid=343	Guntramsdorf	Heimatmuseum Guntramsdorf Ernst Wurth
351	https://datenbank.noemuseen.at/db/museum-detail.asp?oid=351	Hadersdorf am Kamp	Heimatmuseum Hadersdorf am Kamp
122	https://datenbank.noemuseen.at/db/museum-detail.asp?oid=122	Hafnerbach	Heimatmuseum Hafnerbach
16713	https://datenbank.noemuseen.at/db/museum-detail.asp?oid=16713	Nabegg	Heimatmuseum im Nadlingerhof
17397	https://datenbank.noemuseen.at/db/museum-detail.asp?oid=17397	Scheibbs	Heimatmuseum im Rathaus Scheibbs
18008	https://datenbank.noemuseen.at/db/museum-detail.asp?oid=18008	Altruppersdorf	Heimatmuseum in der alten Schule
133	https://datenbank.noemuseen.at/db/museum-detail.asp?oid=133	Inzersdorf an der Traisen	Heimatmuseum Inzersdorf
382	https://datenbank.noemuseen.at/db/museum-detail.asp?oid=382	Kaumberg	Heimatmuseum Kaumberg
383	https://datenbank.noemuseen.at/db/museum-detail.asp?oid=383	Kematen	Heimatmuseum Kematen
746	https://datenbank.noemuseen.at/db/museum-detail.asp?oid=746	Leopoldsdorf im Marchfeld	Heimatmuseum Leopoldsdorf im Marchfeld
232	https://datenbank.noemuseen.at/db/museum-detail.asp?oid=232	Litschau	Heimatmuseum Litschau
180	https://datenbank.noemuseen.at/db/museum-detail.asp?oid=180	Loich	Heimatmuseum Loich
418	https://datenbank.noemuseen.at/db/museum-detail.asp?oid=418	Marchegg	Heimatmuseum Marchegg
687	https://datenbank.noemuseen.at/db/museum-detail.asp?oid=687	Markt Piesting	Heimatmuseum Markt Piesting
572	https://datenbank.noemuseen.at/db/museum-detail.asp?oid=572	Mauerbach	Heimatmuseum Mauerbach
242	https://datenbank.noemuseen.at/db/museum-detail.asp?oid=242	Michelhausen	Heimatmuseum Michelhausen
1	https://datenbank.noemuseen.at/db/museum-detail.asp?oid=1	Niederabsdorf	Heimatmuseum Niederabsdorf EUSEUM
204	https://datenbank.noemuseen.at/db/museum-detail.asp?oid=204	Niederleis	Heimatmuseum Niederleis
660	https://datenbank.noemuseen.at/db/museum-detail.asp?oid=660	Persenbeug	Heimatmuseum Persenbeug
2	https://datenbank.noemuseen.at/db/museum-detail.asp?oid=2	Pfaffstätten	Heimatmuseum Pfaffstätten
205	https://datenbank.noemuseen.at/db/museum-detail.asp?oid=205	Pulkau	Heimatmuseum Pulkau
127	https://datenbank.noemuseen.at/db/museum-detail.asp?oid=127	Pottendorf	Heimatmuseum Rother Hof
468	https://datenbank.noemuseen.at/db/museum-detail.asp?oid=468	Schönau an der Triesting	Heimatmuseum Schönau an der Triesting
460	https://datenbank.noemuseen.at/db/museum-detail.asp?oid=460	Sankt Aegyd am Neuwalde	Heimatmuseum St. Aegyd am Neuwalde
235	https://datenbank.noemuseen.at/db/museum-detail.asp?oid=235	Sankt Margarethen an der Sierning	Heimatmuseum St. Margarethen an der Sierning
489	https://datenbank.noemuseen.at/db/museum-detail.asp?oid=489	Teesdorf	Heimatmuseum Teesdorf
486	https://datenbank.noemuseen.at/db/museum-detail.asp?oid=486	Wilfersdorf	Heimatmuseum Wilfersdorf
273	https://datenbank.noemuseen.at/db/museum-detail.asp?oid=273	Yspertal	Heimatmuseum Yspertal
7820	https://datenbank.noemuseen.at/db/museum-detail.asp?oid=7820	Zwentendorf	Heimatmuseum Zwentendorf
816	https://datenbank.noemuseen.at/db/museum-detail.asp?oid=816	Reingers	Heimatstube Reingers
176	https://datenbank.noemuseen.at/db/museum-detail.asp?oid=176	Kleinwetzdorf	Heldenberg - Radetzky-Gedenkstätte und Steinzeitdorf
8479	https://datenbank.noemuseen.at/db/museum-detail.asp?oid=8479	Korneuburg	HE-LO Szenarium Puppen-Theater und Museum
490	https://datenbank.noemuseen.at/db/museum-detail.asp?oid=490	Teesdorf	Hermann Broch-Museum Teesdorf
388	https://datenbank.noemuseen.at/db/museum-detail.asp?oid=388	Kirchberg am Wechsel	Hermannshöhle Kirchberg am Wechsel - Schauraum
143	https://datenbank.noemuseen.at/db/museum-detail.asp?oid=143	Kronberg	Himmelkeller, Hermann Bauch Museum
302	https://datenbank.noemuseen.at/db/museum-detail.asp?oid=302	Traismauer	Historisch-Archäologisches Depot der Stadt Traismauer
842	https://datenbank.noemuseen.at/db/museum-detail.asp?oid=842	Spitz an der Donau	Historischer Kaufmannsladen
19186	https://datenbank.noemuseen.at/db/museum-detail.asp?oid=19186	Schiltern	Historischer Schauraum Schiltern
825	https://datenbank.noemuseen.at/db/museum-detail.asp?oid=825	Küb	Historisches Postamt Küb
91	https://datenbank.noemuseen.at/db/museum-detail.asp?oid=91	Golling an der Erlauf	Hitiag- und Heimatmuseum
12650	https://datenbank.noemuseen.at/db/museum-detail.asp?oid=12650	Semmering	Hochstraßenmuseum
779	https://datenbank.noemuseen.at/db/museum-detail.asp?oid=779	Gaming	Höhenrundweg um die Kartause Gaming
870	https://datenbank.noemuseen.at/db/museum-detail.asp?oid=870	Hohenruppersdorf	Hohenruppersdorfer Erlebnis-Weingartl
284	https://datenbank.noemuseen.at/db/museum-detail.asp?oid=284	Brunn an der Schneebergbahn	Höhlenmuseum Eisensteinhöhle
131	https://datenbank.noemuseen.at/db/museum-detail.asp?oid=131	Großhollenstein	Hollensteiner Sagenweg
370	https://datenbank.noemuseen.at/db/museum-detail.asp?oid=370	Hirschwang	Höllentalbahn, Museumseisenbahn Payerbach - Hirschwang, Schmalspurbahnmuseum
166	https://datenbank.noemuseen.at/db/museum-detail.asp?oid=166	Karlstift	Holzhacker- und Holztriftmuseum mit Holzlehrschau
172	https://datenbank.noemuseen.at/db/museum-detail.asp?oid=172	Trübenbach-Gaming	Holzknechtmuseum Trübenbach
16714	https://datenbank.noemuseen.at/db/museum-detail.asp?oid=16714	Sankt Aegyd am Neuwalde	Holzschimuseum St. Aegyd
28	https://datenbank.noemuseen.at/db/museum-detail.asp?oid=28	Klausen-Leopoldsdorf	Holztrift- und Forstmuseum Schöpflklause
592	https://datenbank.noemuseen.at/db/museum-detail.asp?oid=592	Schwarzau im Gebirge	Hubmer-Gedächtnisstätte Naßwald
257	https://datenbank.noemuseen.at/db/museum-detail.asp?oid=257	Perchtoldsdorf	Hugo Wolf-Museum und Gedenkstätte
17986	https://datenbank.noemuseen.at/db/museum-detail.asp?oid=17986	Hypolz	Hypolzmühle
763	https://datenbank.noemuseen.at/db/museum-detail.asp?oid=763	Schrems	I.DE.A Designcenter NÖ
612	https://datenbank.noemuseen.at/db/museum-detail.asp?oid=612	Ruppersthal	Ignaz Joseph Pleyel Museum
451	https://datenbank.noemuseen.at/db/museum-detail.asp?oid=451	Moos	Imkermuseum Heiligenblut
453	https://datenbank.noemuseen.at/db/museum-detail.asp?oid=453	Wiener Neustadt	Industrieviertel-Museum Wiener Neustadt
57	https://datenbank.noemuseen.at/db/museum-detail.asp?oid=57	Dobersberg	Informationszentrum des Thayatal Naturparks Dobersberg und Museum für Naturkunde und Ortsgeschichte
45	https://datenbank.noemuseen.at/db/museum-detail.asp?oid=45	Litschau	Johann Hörmann-Strickereimuseum Litschau
507	https://datenbank.noemuseen.at/db/museum-detail.asp?oid=507	Wiener Neustadt	Josef Matthias Hauer-Gedenkraum
135	https://datenbank.noemuseen.at/db/museum-detail.asp?oid=135	Kirchstetten bei Böheimkirchen	Josef Weinheber Museum
12238	https://datenbank.noemuseen.at/db/museum-detail.asp?oid=12238	Langenrohr	Josef-Reither-Museum
459	https://datenbank.noemuseen.at/db/museum-detail.asp?oid=459	Rohrau	Joseph Haydn-Gedenkstätte Rohrau an der Leitha - Haydn Geburtshaus
539	https://datenbank.noemuseen.at/db/museum-detail.asp?oid=539	Mühlbach am Manhartsberg	Joseph Misson-Haus
542	https://datenbank.noemuseen.at/db/museum-detail.asp?oid=542	Zwingendorf	Joslowitzer Heimatstube
17741	https://datenbank.noemuseen.at/db/museum-detail.asp?oid=17741	Ziersdorf	Jukebox - Salon - Wurlitzermuseum
275	https://datenbank.noemuseen.at/db/museum-detail.asp?oid=275	Türnitz	K. u. K. Museum Türnitz
29252	https://datenbank.noemuseen.at/db/museum-detail.asp?oid=29252	Obersulz	K. u. K. Museumsbahn Weinviertel
285	https://datenbank.noemuseen.at/db/museum-detail.asp?oid=285	Baden	Kaiser Franz Josef Museum
213	https://datenbank.noemuseen.at/db/museum-detail.asp?oid=213	Wienings	Kaiser Franz Josef-Museum
16584	https://datenbank.noemuseen.at/db/museum-detail.asp?oid=16584	Baden	Kaiserhaus Baden
8492	https://datenbank.noemuseen.at/db/museum-detail.asp?oid=8492	Brunn am Wald	Karikaturengarten Brunn am Wald
703	https://datenbank.noemuseen.at/db/museum-detail.asp?oid=703	Stein	Karikaturmuseum Krems
428	https://datenbank.noemuseen.at/db/museum-detail.asp?oid=428	Mayerling	Karmel Mayerling
560	https://datenbank.noemuseen.at/db/museum-detail.asp?oid=560	Aggsbach	Kartause Aggsbach
565	https://datenbank.noemuseen.at/db/museum-detail.asp?oid=565	Mauerbach	Kartause Mauerbach - Informations- und Weiterbildungszentrum Baudenkmalpflege
11618	https://datenbank.noemuseen.at/db/museum-detail.asp?oid=11618	Heidenreichstein	Käsemacherwelt Heidenreichstein
213624	https://datenbank.noemuseen.at/db/museum-detail.asp?oid=213624	Wiener Neustadt	Kasematten Wiener Neustadt
698	https://datenbank.noemuseen.at/db/museum-detail.asp?oid=698	Langschlag	Kaufmannsmuseum Fraberger
740	https://datenbank.noemuseen.at/db/museum-detail.asp?oid=740	Althöflein	Kellermuseum "Das Preßhaus"
523	https://datenbank.noemuseen.at/db/museum-detail.asp?oid=523	Schwarzenbach	Keltenpark Schwarzenbach
581	https://datenbank.noemuseen.at/db/museum-detail.asp?oid=581	Scheibbs	Keramikmuseum Scheibbs (Sammlung Hottenroth)
18716	https://datenbank.noemuseen.at/db/museum-detail.asp?oid=18716	Gries	Kinderbuchhaus im Schneiderhäusl
18722	https://datenbank.noemuseen.at/db/museum-detail.asp?oid=18722	Scharndorf	Kinderwagenmuseum
653	https://datenbank.noemuseen.at/db/museum-detail.asp?oid=653	Sankt Pölten	Klangturm St. Pölten
247	https://datenbank.noemuseen.at/db/museum-detail.asp?oid=247	Muthmannsdorf	Kleinstes SAURIERMUSEUM der Welt
18738	https://datenbank.noemuseen.at/db/museum-detail.asp?oid=18738	Grafenschlag	klemuwa - das kleinste Museum des Waldviertels
16711	https://datenbank.noemuseen.at/db/museum-detail.asp?oid=16711	Schönbach	Kloster-Schul-Werkstätten Schönbach
427	https://datenbank.noemuseen.at/db/museum-detail.asp?oid=427	Mauerbach	Kochbuchsammlung Tulbingerkogel
586	https://datenbank.noemuseen.at/db/museum-detail.asp?oid=586	Stollhof	Kohlröserlhaus auf der Hohen Wand
550	https://datenbank.noemuseen.at/db/museum-detail.asp?oid=550	Baden	Kompottheuriger Bauer
12353	https://datenbank.noemuseen.at/db/museum-detail.asp?oid=12353	Kematen	Kornkreismuseum
873	https://datenbank.noemuseen.at/db/museum-detail.asp?oid=873	Groß Gerungs	Kraftarena Groß Gerungs
17592	https://datenbank.noemuseen.at/db/museum-detail.asp?oid=17592	Sigmundsherberg	Kraftfahrzeugmuseum Sigmundsherberg
801	https://datenbank.noemuseen.at/db/museum-detail.asp?oid=801	Maria Laach am Jauerling	Kraftweg Maria Laach
84	https://datenbank.noemuseen.at/db/museum-detail.asp?oid=84	Eggenburg	Krahuletz-Museum
61	https://datenbank.noemuseen.at/db/museum-detail.asp?oid=61	Karlstein an der Thaya	Kräuterpfarrer-Weidinger-Zentrum
813	https://datenbank.noemuseen.at/db/museum-detail.asp?oid=813	Immendorf	Kreisgrabenanlage Immendorf
818	https://datenbank.noemuseen.at/db/museum-detail.asp?oid=818	Rehberg	Kremstaler Hauerhof, Sammlung Doppler
17782	https://datenbank.noemuseen.at/db/museum-detail.asp?oid=17782	Traismauer	Krippenspiel-Museum
20183	https://datenbank.noemuseen.at/db/museum-detail.asp?oid=20183	Hirschenwies	KRISTALLIUM glas.erleben.
287	https://datenbank.noemuseen.at/db/museum-detail.asp?oid=287	Berndorf	krupp stadt museum BERNDORF
8995	https://datenbank.noemuseen.at/db/museum-detail.asp?oid=8995	Hardegg	kultur.punkt hardegg
12300	https://datenbank.noemuseen.at/db/museum-detail.asp?oid=12300	Strasshof an der Nordbahn	Kulturhaus Strasshof a. d. Nordbahn/Heimatmuseum
570	https://datenbank.noemuseen.at/db/museum-detail.asp?oid=570	Loosdorf, Bezirk Mistelbach	Kulturhaus Winkelau
863	https://datenbank.noemuseen.at/db/museum-detail.asp?oid=863	Laxenburg	kulturtreffpunkt laxenburg und laxenburger heimatarchiv
21375	https://datenbank.noemuseen.at/db/museum-detail.asp?oid=21375	Schweiggers	Kulturweg Willi Engelmayer
86	https://datenbank.noemuseen.at/db/museum-detail.asp?oid=86	Großschönau	Kunst & Kultur Erlebniswanderweg Großschönau
9851	https://datenbank.noemuseen.at/db/museum-detail.asp?oid=9851	Horn	kunst.RAUM the.ke
95	https://datenbank.noemuseen.at/db/museum-detail.asp?oid=95	Sankt Pölten	KUNST:WERK
479	https://datenbank.noemuseen.at/db/museum-detail.asp?oid=479	Stein	Kunsthalle Krems
764	https://datenbank.noemuseen.at/db/museum-detail.asp?oid=764	Klosterneuburg	Künstlerbund Klosterneuburg
298	https://datenbank.noemuseen.at/db/museum-detail.asp?oid=298	Buchberg	Kunstraum Buchberg
20309	https://datenbank.noemuseen.at/db/museum-detail.asp?oid=20309	Retz	Kunstraum Retz
13783	https://datenbank.noemuseen.at/db/museum-detail.asp?oid=13783	Horn	Kunstverein Horn
21404	https://datenbank.noemuseen.at/db/museum-detail.asp?oid=21404	Purgstall	Kurioseum - Science Center
402	https://datenbank.noemuseen.at/db/museum-detail.asp?oid=402	Laa an der Thaya	Kutschenmuseum Laa an der Thaya
19188	https://datenbank.noemuseen.at/db/museum-detail.asp?oid=19188	Stein	Landesgalerie Niederösterreich
713	https://datenbank.noemuseen.at/db/museum-detail.asp?oid=713	Sankt Pölten	Landhausgalerie Ausstellungsbrücke
148	https://datenbank.noemuseen.at/db/museum-detail.asp?oid=148	Leiben	Landtechnik Museum Schloss Leiben
268	https://datenbank.noemuseen.at/db/museum-detail.asp?oid=268	Weißenkirchen an der Perschling	Landwirtschaftsmuseum Buchinger
294	https://datenbank.noemuseen.at/db/museum-detail.asp?oid=294	Bruck an der Leitha	Landwirtschaftsmuseum und Oldtimerausstellung Familie Jüly
60	https://datenbank.noemuseen.at/db/museum-detail.asp?oid=60	Langenzersdorf	Langenzersdorf Museum
87	https://datenbank.noemuseen.at/db/museum-detail.asp?oid=87	Schöngrabern	Lapidarium und Romanische Kirche
694	https://datenbank.noemuseen.at/db/museum-detail.asp?oid=694	Sankt Leonhard am Hornerwald	Lebendes Handwerksmuseum
167	https://datenbank.noemuseen.at/db/museum-detail.asp?oid=167	Kautzen	Lebendes Heimatmuseum Kautzen
118	https://datenbank.noemuseen.at/db/museum-detail.asp?oid=118	Groß-Siegharts	Lebendes Textilmuseum
668	https://datenbank.noemuseen.at/db/museum-detail.asp?oid=668	Großhollenstein	Lebendes Webereimuseum Unterleiten
824	https://datenbank.noemuseen.at/db/museum-detail.asp?oid=824	Rust	Leopold Figl-Museum
9728	https://datenbank.noemuseen.at/db/museum-detail.asp?oid=9728	Leobersdorf	LEUM - Lichtmuseum Leobersdorf
710	https://datenbank.noemuseen.at/db/museum-detail.asp?oid=710	Wilfersdorf	Liechtensteinmuseum Wilfersdorf
10932	https://datenbank.noemuseen.at/db/museum-detail.asp?oid=10932	Tribuswinkel	Literarischer Lehrpfad
747	https://datenbank.noemuseen.at/db/museum-detail.asp?oid=747	Langenlois	LOISIUM WeinErlebnisWelt & Vinothek
389	https://datenbank.noemuseen.at/db/museum-detail.asp?oid=389	Kirchberg am Wechsel	Ludwig Wittgenstein - Wirklichkeit und Mythos
14446	https://datenbank.noemuseen.at/db/museum-detail.asp?oid=14446	Mistelbach	MAMUZ Museum Mistelbach
189	https://datenbank.noemuseen.at/db/museum-detail.asp?oid=189	Asparn an der Zaya	MAMUZ Schloss Asparn/Zaya
634	https://datenbank.noemuseen.at/db/museum-detail.asp?oid=634	Moorbad Harbach	Märchenhaus Harbach-Nebelstein
520	https://datenbank.noemuseen.at/db/museum-detail.asp?oid=520	Maria Laach am Jauerling	Märchenland in der Wachau
16712	https://datenbank.noemuseen.at/db/museum-detail.asp?oid=16712	Sommerein	Maria Biljan-Bilger Ausstellungshalle
19522	https://datenbank.noemuseen.at/db/museum-detail.asp?oid=19522	Poysdorf	Maria von Ohmeyer - Open Air Galerie
717	https://datenbank.noemuseen.at/db/museum-detail.asp?oid=717	Sankt Pölten	Mariazellerbahn
361	https://datenbank.noemuseen.at/db/museum-detail.asp?oid=361	Maria Taferl	Mechanische Krippe Maria Taferl
433	https://datenbank.noemuseen.at/db/museum-detail.asp?oid=433	Michelstetten	Michelstettner Schule
277	https://datenbank.noemuseen.at/db/museum-detail.asp?oid=277	Sonntagberg	Militärgeschichtliches Museum 1914-1945-1990
72	https://datenbank.noemuseen.at/db/museum-detail.asp?oid=72	Albrechtsberg an der Großen Krems	Millas Zauberweg
384	https://datenbank.noemuseen.at/db/museum-detail.asp?oid=384	Wiesmannsreith	Mineralienausstellung Aussichtswarte Jauerling mit Lehrpfad Geologie und Sträucher
424	https://datenbank.noemuseen.at/db/museum-detail.asp?oid=424	Maria Enzersdorf am Gebirge	Missions-Ethnographisches Museum St. Gabriel
737	https://datenbank.noemuseen.at/db/museum-detail.asp?oid=737	Wullersdorf	Mittelalterliche Fluchtanlagen
21069	https://datenbank.noemuseen.at/db/museum-detail.asp?oid=21069	Schiltern	Modellbahnwelt Schiltern
245	https://datenbank.noemuseen.at/db/museum-detail.asp?oid=245	Mönichkirchen	Modellpark "Erzherzog Johann"
533	https://datenbank.noemuseen.at/db/museum-detail.asp?oid=533	Mödling	Mödlinger Stadtverkehrsmuseum
821	https://datenbank.noemuseen.at/db/museum-detail.asp?oid=821	Armschlag	Mohnerlebnisgarten und Mohnlehrpfad Armschlag
18019	https://datenbank.noemuseen.at/db/museum-detail.asp?oid=18019	Armschlag	Mohnmühlensammlung beim Mohnwirt
22	https://datenbank.noemuseen.at/db/museum-detail.asp?oid=22	Ardagger Stift	MostBirnHaus
580	https://datenbank.noemuseen.at/db/museum-detail.asp?oid=580	Sankt Leonhard am Forst	Mostmuseum
349	https://datenbank.noemuseen.at/db/museum-detail.asp?oid=349	Haag	Mostviertelmuseum "mostMUSIK" Haag
303	https://datenbank.noemuseen.at/db/museum-detail.asp?oid=303	Edla	Mostviertler Bauernmuseum - Privatsammlung Distelberger
18316	https://datenbank.noemuseen.at/db/museum-detail.asp?oid=18316	Ruprechtshofen	Mostviertler Eisenbahnmuseum
170	https://datenbank.noemuseen.at/db/museum-detail.asp?oid=170	Egelsee	Motorrad-Museum Krems-Egelsee
11617	https://datenbank.noemuseen.at/db/museum-detail.asp?oid=11617	Wöllersdorf	Museum "Das Dorf des Welan"
886	https://datenbank.noemuseen.at/db/museum-detail.asp?oid=886	Atzenbrugg	Museum "Franz Schubert und sein Freundeskreis"
155	https://datenbank.noemuseen.at/db/museum-detail.asp?oid=155	Weitra	Museum Alte Textilfabrik
20190	https://datenbank.noemuseen.at/db/museum-detail.asp?oid=20190	Lackenhof	Museum altes Handwerk neu gelebt
513	https://datenbank.noemuseen.at/db/museum-detail.asp?oid=513	Wiesmath	Museum am Bauernhof in der Buckligen Welt
448	https://datenbank.noemuseen.at/db/museum-detail.asp?oid=448	Plankenstein	Museum Burg Plankenstein
20185	https://datenbank.noemuseen.at/db/museum-detail.asp?oid=20185	Großriedenthal	Museum der einfachen Dinge
409	https://datenbank.noemuseen.at/db/museum-detail.asp?oid=409	Laxenburg	Museum der Freiwilligen Feuerwehr Laxenburg
110	https://datenbank.noemuseen.at/db/museum-detail.asp?oid=110	Gaming	Museum der Kartause Gaming
18003	https://datenbank.noemuseen.at/db/museum-detail.asp?oid=18003	Fischamend	Museum der Photographie
67	https://datenbank.noemuseen.at/db/museum-detail.asp?oid=67	Eggenburg	Museum des Privilegierten uniformierten Bürgerkorps Eggenburg - Kanzlerturm-Museum
229	https://datenbank.noemuseen.at/db/museum-detail.asp?oid=229	Laxenburg	Museum Franzensburg
10404	https://datenbank.noemuseen.at/db/museum-detail.asp?oid=10404	Schönbach	Museum für Arbeits- und Zughunde
102	https://datenbank.noemuseen.at/db/museum-detail.asp?oid=102	Dürnkrut	Museum für Archäologie und Paläontologie
541	https://datenbank.noemuseen.at/db/museum-detail.asp?oid=541	Großengersdorf	Museum für Dorfkultur
116	https://datenbank.noemuseen.at/db/museum-detail.asp?oid=116	Pöggstall	Museum für Rechtsgeschichte
475	https://datenbank.noemuseen.at/db/museum-detail.asp?oid=475	Wieselburg	Museum für Ur- und Frühgeschichte Wieselburg
709	https://datenbank.noemuseen.at/db/museum-detail.asp?oid=709	Gugging	museum gugging
884	https://datenbank.noemuseen.at/db/museum-detail.asp?oid=884	Arbesbach	Museum Hammerschmiede Arbesbach
865	https://datenbank.noemuseen.at/db/museum-detail.asp?oid=865	Hainfeld	Museum Historischer Bierkrüge (MHB)
183	https://datenbank.noemuseen.at/db/museum-detail.asp?oid=183	Hohenau	Museum Hohenau an der March. Ortsgeschichte - Oskar Sima - Eisenbahn
132	https://datenbank.noemuseen.at/db/museum-detail.asp?oid=132	Horn	Museum Horn
671	https://datenbank.noemuseen.at/db/museum-detail.asp?oid=671	Fratres	Museum Humanum
150	https://datenbank.noemuseen.at/db/museum-detail.asp?oid=150	Loosdorf, Bezirk Melk	Museum im Alten Eiskeller und Public Museum Loosdorf
413	https://datenbank.noemuseen.at/db/museum-detail.asp?oid=413	Lichtenwörth	Museum in der Hofermühle
18017	https://datenbank.noemuseen.at/db/museum-detail.asp?oid=18017	Götzendorf an der Leitha	Museum Internationale Einsätze
712	https://datenbank.noemuseen.at/db/museum-detail.asp?oid=712	Ketzelsdorf	Museum Ketzelsdorfer Milchkammer
809	https://datenbank.noemuseen.at/db/museum-detail.asp?oid=809	Loimersdorf	Museum Kreiner, Pollaschak-Haus
603	https://datenbank.noemuseen.at/db/museum-detail.asp?oid=603	Laxenburg	Museum Laxenburg
97	https://datenbank.noemuseen.at/db/museum-detail.asp?oid=97	Lichtenau	Museum Lichtenau "Der Bauer als Selbstversorger"
10425	https://datenbank.noemuseen.at/db/museum-detail.asp?oid=10425	Gramatneusiedl	Museum Marienthal
250	https://datenbank.noemuseen.at/db/museum-detail.asp?oid=250	Mödling	Museum Mödling - Thonetschlössl
621	https://datenbank.noemuseen.at/db/museum-detail.asp?oid=621	Sankt Pölten	Museum Niederösterreich (Haus der Geschichte Niederösterreich, Haus der Natur)
862	https://datenbank.noemuseen.at/db/museum-detail.asp?oid=862	Oberwaltersdorf	Museum Oberwaltersdorf mit Broncia Koller-Archiv
439	https://datenbank.noemuseen.at/db/museum-detail.asp?oid=439	Neuhofen an der Ybbs	Museum Ostarrichi - Entdecke Österreich
846	https://datenbank.noemuseen.at/db/museum-detail.asp?oid=846	Petronell	Museum Petronell-Carnuntum Auxiliarkastell
440	https://datenbank.noemuseen.at/db/museum-detail.asp?oid=440	Neulengbach	MUSEUM Region Neulengbach
579	https://datenbank.noemuseen.at/db/museum-detail.asp?oid=579	Retz	Museum Retz und Südmährische Galerie
464	https://datenbank.noemuseen.at/db/museum-detail.asp?oid=464	Wiener Neustadt	Museum St. Peter an der Sperr
292	https://datenbank.noemuseen.at/db/museum-detail.asp?oid=292	Thaya	Museum Thaya
252	https://datenbank.noemuseen.at/db/museum-detail.asp?oid=252	Möllersdorf	Museum Traiskirchen
158	https://datenbank.noemuseen.at/db/museum-detail.asp?oid=158	Guntramsdorf	Museum Walzengravieranstalt Guntramsdorf
463	https://datenbank.noemuseen.at/db/museum-detail.asp?oid=463	Sankt Pölten	Museum zur Geschichte der Arbeiterbewegung und Sozialdemokratie im Raum St. Pölten - Museum im Hof
153	https://datenbank.noemuseen.at/db/museum-detail.asp?oid=153	Krems	museumkrems
536	https://datenbank.noemuseen.at/db/museum-detail.asp?oid=536	Orth an der Donau	museumORTH
707	https://datenbank.noemuseen.at/db/museum-detail.asp?oid=707	Heidenreichstein	Museumsbahnhof Heidenreichstein - Altnagelberg
400	https://datenbank.noemuseen.at/db/museum-detail.asp?oid=400	Krumbach	Museumsdorf Krumbach
21077	https://datenbank.noemuseen.at/db/museum-detail.asp?oid=21077	Fischamend	Museumsgalerie Fischamend
525	https://datenbank.noemuseen.at/db/museum-detail.asp?oid=525	Zwettl	Museums-Lokalbahn Verein Zwettl
760	https://datenbank.noemuseen.at/db/museum-detail.asp?oid=760	Payerbach	Museumspark am Bahnhof Payerbach
599	https://datenbank.noemuseen.at/db/museum-detail.asp?oid=599	Schwarzau im Gebirge	Museumsstadl - Volkskundliche Sammlung Schwarzau im Gebirge
412	https://datenbank.noemuseen.at/db/museum-detail.asp?oid=412	Lichtenwörth	Nadelburgmuseum
791	https://datenbank.noemuseen.at/db/museum-detail.asp?oid=791	Merkersdorf	Nationalpark Thayatal - Nationalparkhaus
716	https://datenbank.noemuseen.at/db/museum-detail.asp?oid=716	Zwettl	Naturkundliche Sammlung Schneider im Schulturm Zwettl
869	https://datenbank.noemuseen.at/db/museum-detail.asp?oid=869	Seitenstetten	Naturlehrpfad Franzosenwald
540	https://datenbank.noemuseen.at/db/museum-detail.asp?oid=540	Hirschwanger Forst	Naturlehrpfad Kaiserbrunn
11979	https://datenbank.noemuseen.at/db/museum-detail.asp?oid=11979	Gmünd	Naturpark Blockheide
799	https://datenbank.noemuseen.at/db/museum-detail.asp?oid=799	Geras	Naturpark Geras - Fledermauslehrpfad
210	https://datenbank.noemuseen.at/db/museum-detail.asp?oid=210	Heidenreichstein	Naturpark Heidenreichsteiner Moor mit Wald- und Moorlehrpfad
874	https://datenbank.noemuseen.at/db/museum-detail.asp?oid=874	Schönberg am Kamp	Naturpark Kamptal-Schönberg
19720	https://datenbank.noemuseen.at/db/museum-detail.asp?oid=19720	Zwingendorf	Naturschutzlehrpfad Zwingendorfer Glaubersalzböden
18788	https://datenbank.noemuseen.at/db/museum-detail.asp?oid=18788	Wiener Neustadt	Niederösterreichische Landesausstellung 2019 "Welt in Bewegung"
652	https://datenbank.noemuseen.at/db/museum-detail.asp?oid=652	Sankt Pölten	Niederösterreichische Landesbibliothek
600	https://datenbank.noemuseen.at/db/museum-detail.asp?oid=600	Sankt Pölten	Niederösterreichisches Landesarchiv
9	https://datenbank.noemuseen.at/db/museum-detail.asp?oid=9	Mistelbach	Nitsch Museum Mistelbach
576	https://datenbank.noemuseen.at/db/museum-detail.asp?oid=576	Sankt Pölten	NÖ Dokumentationszentrum für Moderne Kunst - Landesverband der NÖ Kunstvereine
350	https://datenbank.noemuseen.at/db/museum-detail.asp?oid=350	Haag	NÖ Freilichtmuseum Haag
212	https://datenbank.noemuseen.at/db/museum-detail.asp?oid=212	Herrnbaumgarten	Nonseum
387	https://datenbank.noemuseen.at/db/museum-detail.asp?oid=387	Kienberg	Nostalgiebahn Ybbsthalbahn Bergstrecke Kienberg - Lunz am See - Göstling an der Ybbs, "Ötscherland-Express"
14034	https://datenbank.noemuseen.at/db/museum-detail.asp?oid=14034	Strengberg	Nostalgiemuseum Drahtesel & mehr
741	https://datenbank.noemuseen.at/db/museum-detail.asp?oid=741	Eggenburg	Nostalgiewelt Eggenburg
19854	https://datenbank.noemuseen.at/db/museum-detail.asp?oid=19854	Lauterbach	Oldtimer Museum - Karlstetten
659	https://datenbank.noemuseen.at/db/museum-detail.asp?oid=659	Gramatneusiedl	Oldtimermuseum Gramatneusiedl
74	https://datenbank.noemuseen.at/db/museum-detail.asp?oid=74	Puchberg am Schneeberg	Oldtimermuseum Hausberger
40	https://datenbank.noemuseen.at/db/museum-detail.asp?oid=40	Kleinwetzdorf	Oldtimermuseum Koller
680	https://datenbank.noemuseen.at/db/museum-detail.asp?oid=680	Poysdorf	Oldtimer-Museum Poysdorf
9559	https://datenbank.noemuseen.at/db/museum-detail.asp?oid=9559	Zogelsdorf	Ordensmuseum, Heimat- und Jagdmuseum
255	https://datenbank.noemuseen.at/db/museum-detail.asp?oid=255	Perchtoldsdorf	Ortsgeschichtliches Museum Perchtoldsdorf
847	https://datenbank.noemuseen.at/db/museum-detail.asp?oid=847	Weikertschlag an der Thaya	Ortsmuseum Weikertschlag
264	https://datenbank.noemuseen.at/db/museum-detail.asp?oid=264	Pöchlarn	Oskar Kokoschka-Dokumentation
186	https://datenbank.noemuseen.at/db/museum-detail.asp?oid=186	Absdorf	Oskar Mann Heimatmuseum
762	https://datenbank.noemuseen.at/db/museum-detail.asp?oid=762	Poysdorf	Österreichischer nostalgischer Schnapsbrennerei-Lehrpfad
534	https://datenbank.noemuseen.at/db/museum-detail.asp?oid=534	Rosenau Schloß	Österreichisches Freimaurermuseum im Schloss Rosenau
722	https://datenbank.noemuseen.at/db/museum-detail.asp?oid=722	Leopoldsdorf im Marchfelde	Österreichisches Spiele Museum
629	https://datenbank.noemuseen.at/db/museum-detail.asp?oid=629	Tulln	Österreichisches Zuckermuseum
289	https://datenbank.noemuseen.at/db/museum-detail.asp?oid=289	Bernhardsthal	Otto Berger Heimatmuseum
125	https://datenbank.noemuseen.at/db/museum-detail.asp?oid=125	Hernstein	Pecherlehrpfad Hernstein
126	https://datenbank.noemuseen.at/db/museum-detail.asp?oid=126	Hernstein	Pechermuseum Hernstein
372	https://datenbank.noemuseen.at/db/museum-detail.asp?oid=372	Matzendorf	Pecherpfad Hölles
68	https://datenbank.noemuseen.at/db/museum-detail.asp?oid=68	Felling	Perlmuttmanufaktur Felling
577	https://datenbank.noemuseen.at/db/museum-detail.asp?oid=577	Perschling	Perschlingtaler Heimatmuseum
826	https://datenbank.noemuseen.at/db/museum-detail.asp?oid=826	Sankt Aegyd am Neuwalde	Pfarrer Leos Pfeifenmuseum
379	https://datenbank.noemuseen.at/db/museum-detail.asp?oid=379	Imbach	Pfarrmuseum Imbach
59	https://datenbank.noemuseen.at/db/museum-detail.asp?oid=59	Litschau	Pfarrmuseum Litschau
32	https://datenbank.noemuseen.at/db/museum-detail.asp?oid=32	Rafings	Pfeifenmuseum Rafings
14798	https://datenbank.noemuseen.at/db/museum-detail.asp?oid=14798	Engelhartstetten	Pflanzenwerkstatt Grafenweiden
7608	https://datenbank.noemuseen.at/db/museum-detail.asp?oid=7608	Pitten	Pittener Regionsmuseum "Zeitspuren im Land der 1000 Hügel"
609	https://datenbank.noemuseen.at/db/museum-detail.asp?oid=609	Weiten	Planetenwanderweg Weiten
395	https://datenbank.noemuseen.at/db/museum-detail.asp?oid=395	Korneuburg	Präsentationsraum des Stadtarchivs Korneuburg
48	https://datenbank.noemuseen.at/db/museum-detail.asp?oid=48	Schrems	Privatausstellung "Schätze der Vergangenheit"
18007	https://datenbank.noemuseen.at/db/museum-detail.asp?oid=18007	Frohsdorf	Privates Feuerwehrmuseum Frohsdorf
295	https://datenbank.noemuseen.at/db/museum-detail.asp?oid=295	Bruck an der Leitha	Privates Vogelmuseum der Familie Bodisch
77	https://datenbank.noemuseen.at/db/museum-detail.asp?oid=77	Thaya	Privates Waffenmuseum Resl
509	https://datenbank.noemuseen.at/db/museum-detail.asp?oid=509	Wiener Neustadt	Privatmuseum "Feuerwaffen einst und jetzt" im Reckturm in Wiener Neustadt
18021	https://datenbank.noemuseen.at/db/museum-detail.asp?oid=18021	Scheib	Privat-Museum "Mineralienzimmer"
7140	https://datenbank.noemuseen.at/db/museum-detail.asp?oid=7140	Großhofen	Privatmuseum Autoklinik Müller
147	https://datenbank.noemuseen.at/db/museum-detail.asp?oid=147	Langenlois	Privatmuseum Mineralien - Fossilien - Bergbau
321	https://datenbank.noemuseen.at/db/museum-detail.asp?oid=321	Fugnitz	Privatmuseum Silberbauer
107	https://datenbank.noemuseen.at/db/museum-detail.asp?oid=107	Bad Vöslau	Privatsammlung "Historische Telefonapparate"
246	https://datenbank.noemuseen.at/db/museum-detail.asp?oid=246	Mönichkirchen	Privatsammlung Heinz Lang
559	https://datenbank.noemuseen.at/db/museum-detail.asp?oid=559	Aderklaa	Privatsammlung Mühl
263	https://datenbank.noemuseen.at/db/museum-detail.asp?oid=263	Bad Pirawarth	Prof. Knesl-Freilichtmuseum
336	https://datenbank.noemuseen.at/db/museum-detail.asp?oid=336	Gresten	Proviant Eisen Museum
76	https://datenbank.noemuseen.at/db/museum-detail.asp?oid=76	Sankt Georgen am Ybbsfelde	Puch Oldtimer Museum
815	https://datenbank.noemuseen.at/db/museum-detail.asp?oid=815	Peigarten	Pulkautaler Bienenmuseum und -lehrpfad
591	https://datenbank.noemuseen.at/db/museum-detail.asp?oid=591	Untermarkersdorf	Pulkautaler Weinbaumuseum
3	https://datenbank.noemuseen.at/db/museum-detail.asp?oid=3	Baden	Puppen- und Spielzeugmuseum Baden
666	https://datenbank.noemuseen.at/db/museum-detail.asp?oid=666	Mödling	Puppen- und Spielzeugmuseum Mödling
20662	https://datenbank.noemuseen.at/db/museum-detail.asp?oid=20662	Raabs an der Thaya	Puppen- und Spielzeugmuseum Raabs/Thaya
786	https://datenbank.noemuseen.at/db/museum-detail.asp?oid=786	Zistersdorf	Puppen- und Teddymuseum
9243	https://datenbank.noemuseen.at/db/museum-detail.asp?oid=9243	Sonnberg	Radiomuseum
18235	https://datenbank.noemuseen.at/db/museum-detail.asp?oid=18235	Amstetten	Rathausgalerie Amstetten
17233	https://datenbank.noemuseen.at/db/museum-detail.asp?oid=17233	Melk	Rathausgalerie Melk
17953	https://datenbank.noemuseen.at/db/museum-detail.asp?oid=17953	Sankt Pölten	Rathausgalerie St. Pölten
20310	https://datenbank.noemuseen.at/db/museum-detail.asp?oid=20310	Waidhofen an der Ybbs	raumimpuls - Stadtgalerie Waidhofen/Ybbs
70	https://datenbank.noemuseen.at/db/museum-detail.asp?oid=70	Retz	Reblaus Express
879	https://datenbank.noemuseen.at/db/museum-detail.asp?oid=879	Stoitzendorf	Rebsortenpfad Kellergasse Stoitzendorf
804	https://datenbank.noemuseen.at/db/museum-detail.asp?oid=804	Eggenburg	Redemptoristenkloster
20504	https://datenbank.noemuseen.at/db/museum-detail.asp?oid=20504	Tulln	Regentag - Hundertwasser-Schiff
13826	https://datenbank.noemuseen.at/db/museum-detail.asp?oid=13826	Seefeld	Reichenmuseum
115	https://datenbank.noemuseen.at/db/museum-detail.asp?oid=115	Greillenstein	Renaissanceschloss Greillenstein
282	https://datenbank.noemuseen.at/db/museum-detail.asp?oid=282	Rosenburg	Renaissanceschloss Rosenburg
544	https://datenbank.noemuseen.at/db/museum-detail.asp?oid=544	Retz	Retzer Erlebniskeller
457	https://datenbank.noemuseen.at/db/museum-detail.asp?oid=457	Rabensburg	Richard Simoncic-Museum
18726	https://datenbank.noemuseen.at/db/museum-detail.asp?oid=18726	Kirchberg am Walde	Robert Hamerling-Museum
14	https://datenbank.noemuseen.at/db/museum-detail.asp?oid=14	Baden	Rollettmuseum Städtische Sammlungen
21374	https://datenbank.noemuseen.at/db/museum-detail.asp?oid=21374	Öhling	Römer in der Box - Archäologische Sammlung der Marktgemeinde Oed-Oehling
240	https://datenbank.noemuseen.at/db/museum-detail.asp?oid=240	Mautern	Römermuseum Mautern-Favianis-St. Severin
706	https://datenbank.noemuseen.at/db/museum-detail.asp?oid=706	Tulln	Römermuseum Tulln
397	https://datenbank.noemuseen.at/db/museum-detail.asp?oid=397	Wallsee	Römermuseum Wallsee
12083	https://datenbank.noemuseen.at/db/museum-detail.asp?oid=12083	Zeiselmauer	Römerrundgang - Römisches Limeskastell Cannabiaca
618	https://datenbank.noemuseen.at/db/museum-detail.asp?oid=618	Bad Deutsch-Altenburg	Römerstadt Carnuntum/Amphitheater Militärstadt
887	https://datenbank.noemuseen.at/db/museum-detail.asp?oid=887	Bad Deutsch-Altenburg	Römerstadt Carnuntum/Museum Carnuntinum
751	https://datenbank.noemuseen.at/db/museum-detail.asp?oid=751	Petronell	Römerstadt Carnuntum/Römisches Stadtviertel
21071	https://datenbank.noemuseen.at/db/museum-detail.asp?oid=21071	Wallsee	Römerwelt Wallsee
8515	https://datenbank.noemuseen.at/db/museum-detail.asp?oid=8515	Röschitz	Röschitzer Raritäten Privatmuseum
800	https://datenbank.noemuseen.at/db/museum-detail.asp?oid=800	Kollmitzdörfl	Ruine Kollmitz
338	https://datenbank.noemuseen.at/db/museum-detail.asp?oid=338	Groß-Siegharts	Sakralmuseum
13463	https://datenbank.noemuseen.at/db/museum-detail.asp?oid=13463	Niedersulz	Sakralsammlung Josef Geissler
510	https://datenbank.noemuseen.at/db/museum-detail.asp?oid=510	Wiener Neustadt	Sammlung des Privilegierten uniformierten Bürgerkorps zu Wiener Neustadt 1231 "Allzeit Getreu"
855	https://datenbank.noemuseen.at/db/museum-detail.asp?oid=855	Neudegg	Sammlung Mehofer und Galerie
328	https://datenbank.noemuseen.at/db/museum-detail.asp?oid=328	Geras	Sammlungen des Prämonstratenser-Chorherrenstiftes Geras
808	https://datenbank.noemuseen.at/db/museum-detail.asp?oid=808	Rabenstein	Samowarsammlung im Steinschalerhof
527	https://datenbank.noemuseen.at/db/museum-detail.asp?oid=527	Schallaburg	Schallaburg
426	https://datenbank.noemuseen.at/db/museum-detail.asp?oid=426	Maria Taferl	Schatzkammer der Wallfahrtsbasilika Maria Taferl
18396	https://datenbank.noemuseen.at/db/museum-detail.asp?oid=18396	Sonntagberg	Schatzkammer der Wallfahrtsbasilika Sonntagberg
575	https://datenbank.noemuseen.at/db/museum-detail.asp?oid=575	Mold	Schatzkammer der Wallfahrtskirche Maria Dreieichen
181	https://datenbank.noemuseen.at/db/museum-detail.asp?oid=181	Eggenburg	Schau "Zum Gedenken an Bruder Baptist Stöger"
311	https://datenbank.noemuseen.at/db/museum-detail.asp?oid=311	Ernstbrunn	Schau- und Informationsraum Ernstbrunn des Naturparks Leiser Berge
21317	https://datenbank.noemuseen.at/db/museum-detail.asp?oid=21317	Thaya	Schau.Räume.Thaya
265	https://datenbank.noemuseen.at/db/museum-detail.asp?oid=265	Payerbach	Schaubergwerk Grillenberg
364	https://datenbank.noemuseen.at/db/museum-detail.asp?oid=364	Hinterbrühl	Schaubergwerk Seegrotte - Hinterbrühl
21373	https://datenbank.noemuseen.at/db/museum-detail.asp?oid=21373	Klein-Pöchlarn	Schaubetrieb Ofenkachelmanufaktur Erndt
438	https://datenbank.noemuseen.at/db/museum-detail.asp?oid=438	Neu-Nagelberg	Schauglashütte mit Museum - Glasstudio und Waldglashütte Kurt und Roland Zalto
665	https://datenbank.noemuseen.at/db/museum-detail.asp?oid=665	Kreilhof	Schaukraftwerk Schwellöd
585	https://datenbank.noemuseen.at/db/museum-detail.asp?oid=585	Schrattenberg	Schaumühle Schrattenberg
50	https://datenbank.noemuseen.at/db/museum-detail.asp?oid=50	Gmünd	Schaumuseum - Alte Schmiede Gmünd
841	https://datenbank.noemuseen.at/db/museum-detail.asp?oid=841	Weitra	Schauplatz Eiserner Vorhang
324	https://datenbank.noemuseen.at/db/museum-detail.asp?oid=324	Gaming	Schauvitrinen im Arkadengang des Rathauses Gaming
670	https://datenbank.noemuseen.at/db/museum-detail.asp?oid=670	Spitz an der Donau	Schifffahrtsmuseum Spitz an der Donau
702	https://datenbank.noemuseen.at/db/museum-detail.asp?oid=702	Orth an der Donau	Schiffmühle Orth an der Donau
771	https://datenbank.noemuseen.at/db/museum-detail.asp?oid=771	Dürnkrut	Schloss Dürnkrut
123	https://datenbank.noemuseen.at/db/museum-detail.asp?oid=123	Kamp	Schloss Grafenegg
345	https://datenbank.noemuseen.at/db/museum-detail.asp?oid=345	Gutenbrunn	Schloss Heiligenkreuz-Gutenbrunn
239	https://datenbank.noemuseen.at/db/museum-detail.asp?oid=239	Markthof	Schloss Hof
291	https://datenbank.noemuseen.at/db/museum-detail.asp?oid=291	Kottingburgstall	Schloss Hubertendorf
214	https://datenbank.noemuseen.at/db/museum-detail.asp?oid=214	Jedenspeigen	Schloss Jedenspeigen
789	https://datenbank.noemuseen.at/db/museum-detail.asp?oid=789	Kirchstetten (Weinviertel)	Schloss Kirchstetten
12355	https://datenbank.noemuseen.at/db/museum-detail.asp?oid=12355	Kreisbach	Schloss Kreisbach
13645	https://datenbank.noemuseen.at/db/museum-detail.asp?oid=13645	Marchegg	Schloss Marchegg/Storchenhaus
173	https://datenbank.noemuseen.at/db/museum-detail.asp?oid=173	Engelhartstetten	Schloss Niederweiden im Marchfeld
781	https://datenbank.noemuseen.at/db/museum-detail.asp?oid=781	Obersiebenbrunn	Schloss Obersiebenbrunn, Koptisches Museum
82	https://datenbank.noemuseen.at/db/museum-detail.asp?oid=82	Raabs an der Thaya	Schloss Raabs
21	https://datenbank.noemuseen.at/db/museum-detail.asp?oid=21	Reichenau an der Rax	Schloss Reichenau
271	https://datenbank.noemuseen.at/db/museum-detail.asp?oid=271	Rohrau	Schloss Rohrau, Graf Harrach'sche Familiensammlung
458	https://datenbank.noemuseen.at/db/museum-detail.asp?oid=458	Riegersburg	Schloss Ruegers (Barockschloss Riegersburg)
431	https://datenbank.noemuseen.at/db/museum-detail.asp?oid=431	Sankt Peter in der Au	Schloss St. Peter in der Au - Viertelsgalerie des Landes NÖ
856	https://datenbank.noemuseen.at/db/museum-detail.asp?oid=856	Stetteldorf	Schloss Stetteldorf am Wagram
377	https://datenbank.noemuseen.at/db/museum-detail.asp?oid=377	Ulmerfeld	Schloss Ulmerfeld
442	https://datenbank.noemuseen.at/db/museum-detail.asp?oid=442	Weitra	Schloss Weitra, Schlossmuseum
718	https://datenbank.noemuseen.at/db/museum-detail.asp?oid=718	Bad Fischau	Schlossgalerie Fischau, Blau-Gelbe-Viertelsgalerie und Kulturwerkstätte
396	https://datenbank.noemuseen.at/db/museum-detail.asp?oid=396	Kottingbrunn	Schlossmuseum Kottingbrunn im Wasserschloss
151	https://datenbank.noemuseen.at/db/museum-detail.asp?oid=151	Loosdorf, Bezirk Mistelbach	Schlossmuseum Loosdorf
750	https://datenbank.noemuseen.at/db/museum-detail.asp?oid=750	Niederleis	Schlossmuseum Niederleis
849	https://datenbank.noemuseen.at/db/museum-detail.asp?oid=849	Vösendorf	Schlossmuseum Vösendorf und Peter Jordan-Gedenkraum
812	https://datenbank.noemuseen.at/db/museum-detail.asp?oid=812	Orth an der Donau	schlossORTH Nationalpark-Zentrum
690	https://datenbank.noemuseen.at/db/museum-detail.asp?oid=690	Echsenbach	Schnaps-Glas-Museum Echsenbach
71	https://datenbank.noemuseen.at/db/museum-detail.asp?oid=71	Puchberg am Schneeberg	Schneeberger Säge
455	https://datenbank.noemuseen.at/db/museum-detail.asp?oid=455	Puchberg am Schneeberg	Schneeberg-Museum
551	https://datenbank.noemuseen.at/db/museum-detail.asp?oid=551	Mödling	Schönberg-Haus in Mödling
184	https://datenbank.noemuseen.at/db/museum-detail.asp?oid=184	Krems	Schreibmaschinenmuseum Krems an der Donau
648	https://datenbank.noemuseen.at/db/museum-detail.asp?oid=648	Neumarkt an der Ybbs	Schul- und Heimatmuseum Neumarkt an der Ybbs
632	https://datenbank.noemuseen.at/db/museum-detail.asp?oid=632	Edelhof	Schulmuseum Edelhof
16086	https://datenbank.noemuseen.at/db/museum-detail.asp?oid=16086	Primmersdorf	Schüttkasten Schloss Primmersdorf/Thaya
467	https://datenbank.noemuseen.at/db/museum-detail.asp?oid=467	Scheibbs	SchützenScheibenScheibbs
857	https://datenbank.noemuseen.at/db/museum-detail.asp?oid=857	Poysdorf	Sektwelt
12651	https://datenbank.noemuseen.at/db/museum-detail.asp?oid=12651	Semmering	Semmeringbahn-Museum
481	https://datenbank.noemuseen.at/db/museum-detail.asp?oid=481	Stockerau	Siegfried Marcus Automobilmuseum Stockerau
90	https://datenbank.noemuseen.at/db/museum-detail.asp?oid=90	Reichenau an der Rax	Sigmund Freud-Gedenkstätte
502	https://datenbank.noemuseen.at/db/museum-detail.asp?oid=502	Waidhofen an der Thaya	Silomuseum
29251	https://datenbank.noemuseen.at/db/museum-detail.asp?oid=29251	Paudorf	Skulpturenweg
607	https://datenbank.noemuseen.at/db/museum-detail.asp?oid=607	Weiten	Sonnenuhren-Haus
13643	https://datenbank.noemuseen.at/db/museum-detail.asp?oid=13643	Großschönau	SONNENWELT Großschönau
875	https://datenbank.noemuseen.at/db/museum-detail.asp?oid=875	Tattendorf	St. Laurent Weinwanderweg
553	https://datenbank.noemuseen.at/db/museum-detail.asp?oid=553	Sankt Leonhard am Forst	St. Leonharder Feuerwehrmuseum
9382	https://datenbank.noemuseen.at/db/museum-detail.asp?oid=9382	Bad Pirawarth	Stadelmuseum
66	https://datenbank.noemuseen.at/db/museum-detail.asp?oid=66	Amstetten	Stadtarchiv Amstetten
207	https://datenbank.noemuseen.at/db/museum-detail.asp?oid=207	Wiener Neustadt	Stadtarchiv Wiener Neustadt
43	https://datenbank.noemuseen.at/db/museum-detail.asp?oid=43	Bruck an der Leitha	Stadtgalerie Wiener Turm
441	https://datenbank.noemuseen.at/db/museum-detail.asp?oid=441	Neunkirchen	Städtisches Museum Neunkirchen
374	https://datenbank.noemuseen.at/db/museum-detail.asp?oid=374	Hollabrunn	Stadtmuseum "Alte Hofmühle"
555	https://datenbank.noemuseen.at/db/museum-detail.asp?oid=555	Pöchlarn	Stadtmuseum Arelape - Bechelaren - Pöchlarn
500	https://datenbank.noemuseen.at/db/museum-detail.asp?oid=500	Bad Vöslau	Stadtmuseum Bad Vöslau
36	https://datenbank.noemuseen.at/db/museum-detail.asp?oid=36	Bruck an der Leitha	Stadtmuseum Bruck an der Leitha
49	https://datenbank.noemuseen.at/db/museum-detail.asp?oid=49	Gmünd	Stadtmuseum Gmünd
218	https://datenbank.noemuseen.at/db/museum-detail.asp?oid=218	Kirchschlag	Stadtmuseum Kirchschlag
136	https://datenbank.noemuseen.at/db/museum-detail.asp?oid=136	Klosterneuburg	Stadtmuseum Klosterneuburg
222	https://datenbank.noemuseen.at/db/museum-detail.asp?oid=222	Korneuburg	Stadtmuseum Korneuburg
234	https://datenbank.noemuseen.at/db/museum-detail.asp?oid=234	Mannersdorf am Leithagebirge	Stadtmuseum Mannersdorf am Leithagebirge
430	https://datenbank.noemuseen.at/db/museum-detail.asp?oid=430	Melk	Stadtmuseum Melk
790	https://datenbank.noemuseen.at/db/museum-detail.asp?oid=790	Purkersdorf	Stadtmuseum Purkersdorf
588	https://datenbank.noemuseen.at/db/museum-detail.asp?oid=588	Schrems	Stadtmuseum Schrems
578	https://datenbank.noemuseen.at/db/museum-detail.asp?oid=578	Sankt Pölten	Stadtmuseum St. Pölten
882	https://datenbank.noemuseen.at/db/museum-detail.asp?oid=882	Waidhofen an der Thaya	Stadtmuseum Waidhofen an der Thaya
208	https://datenbank.noemuseen.at/db/museum-detail.asp?oid=208	Hainburg an der Donau	Stadtmuseum Wienertor
516	https://datenbank.noemuseen.at/db/museum-detail.asp?oid=516	Ybbs	Stadtmuseum Ybbs an der Donau
522	https://datenbank.noemuseen.at/db/museum-detail.asp?oid=522	Zistersdorf	Stadtmuseum Zistersdorf
519	https://datenbank.noemuseen.at/db/museum-detail.asp?oid=519	Zwettl	Stadtmuseum Zwettl
657	https://datenbank.noemuseen.at/db/museum-detail.asp?oid=657	Waidhofen an der Ybbs	Stadtturm Waidhofen a/d Ybbs
18319	https://datenbank.noemuseen.at/db/museum-detail.asp?oid=18319	Langenlois	STADTWEG Langenlois
65	https://datenbank.noemuseen.at/db/museum-detail.asp?oid=65	Weikersdorf am Steinfelde	Steinfeldhof in Weikersdorf
613	https://datenbank.noemuseen.at/db/museum-detail.asp?oid=613	Zogelsdorf	Steinmetzhaus Zogelsdorf
13	https://datenbank.noemuseen.at/db/museum-detail.asp?oid=13	Platt	Steinzeitkeller-Museum
769	https://datenbank.noemuseen.at/db/museum-detail.asp?oid=769	Dürnstein	Stift Dürnstein
128	https://datenbank.noemuseen.at/db/museum-detail.asp?oid=128	Herzogenburg	Stift Herzogenburg
139	https://datenbank.noemuseen.at/db/museum-detail.asp?oid=139	Klosterneuburg	Stift Klosterneuburg
19026	https://datenbank.noemuseen.at/db/museum-detail.asp?oid=19026	Wiener Neustadt	Stift Neukloster - Kunst- und Wunderkammer
649	https://datenbank.noemuseen.at/db/museum-detail.asp?oid=649	Seitenstetten	Stift Seitenstetten
678	https://datenbank.noemuseen.at/db/museum-detail.asp?oid=678	Stillfried	Stillfried - Zentrum der Urzeit
12343	https://datenbank.noemuseen.at/db/museum-detail.asp?oid=12343	Ybbs an der Donau	Strommuseum Ybbs
313	https://datenbank.noemuseen.at/db/museum-detail.asp?oid=313	Niedersulz	Südmährerhof
144	https://datenbank.noemuseen.at/db/museum-detail.asp?oid=144	Laa an der Thaya	Südmährisches Heimatmuseum Thayaland
15728	https://datenbank.noemuseen.at/db/museum-detail.asp?oid=15728	Stein	Susanne Wenger Foundation
18167	https://datenbank.noemuseen.at/db/museum-detail.asp?oid=18167	Neulengbach	TANK 203.3040.AT - GrafZyxFoundation
480	https://datenbank.noemuseen.at/db/museum-detail.asp?oid=480	Steinabrückl	Tatra & Oldtimer-Clubmuseum Steinabrückl
673	https://datenbank.noemuseen.at/db/museum-detail.asp?oid=673	Ternitz	Ternitzer Stahlstadtmuseum
20308	https://datenbank.noemuseen.at/db/museum-detail.asp?oid=20308	Kleinhaugsdorf	Terra Technica - Jukebox & Pinball - Time Travel Museum
21372	https://datenbank.noemuseen.at/db/museum-detail.asp?oid=21372	Dobersberg	Thayarunde Museum
877	https://datenbank.noemuseen.at/db/museum-detail.asp?oid=877	Bisamberg	Themenweg "Rund um den Bisamberg"
5	https://datenbank.noemuseen.at/db/museum-detail.asp?oid=5	Roseldorf	Themenweg Fürstensitz-Keltenstadt Sandberg
15380	https://datenbank.noemuseen.at/db/museum-detail.asp?oid=15380	Furth	Themenweg Löss und Wein - Furth
241	https://datenbank.noemuseen.at/db/museum-detail.asp?oid=241	Mautern	Themenweg Natur und Stein - Mautern
872	https://datenbank.noemuseen.at/db/museum-detail.asp?oid=872	Waidhofen an der Ybbs	Themenwege im Natur- und Wildpark Buchenberg
871	https://datenbank.noemuseen.at/db/museum-detail.asp?oid=871	Kritzendorf	Themenwege Kritzendorf
21412	https://datenbank.noemuseen.at/db/museum-detail.asp?oid=21412	Wiener Neustadt	Theresianische Militärakademie - Burg zu Wiener Neustadt
9465	https://datenbank.noemuseen.at/db/museum-detail.asp?oid=9465	Sierndorf	Thomasch Keramik Museum Sierndorf
17945	https://datenbank.noemuseen.at/db/museum-detail.asp?oid=17945	Altruppersdorf	Toni's Privat-Museum
616	https://datenbank.noemuseen.at/db/museum-detail.asp?oid=616	Windpassing	Traktorenmuseum Windpassing
853	https://datenbank.noemuseen.at/db/museum-detail.asp?oid=853	Drasenhofen	Traktorium Drasenhofen
773	https://datenbank.noemuseen.at/db/museum-detail.asp?oid=773	Großhollenstein	Treffengut Hammer
408	https://datenbank.noemuseen.at/db/museum-detail.asp?oid=408	Weissenbach an der Triesting	Triestingtaler Heimatmuseum
18999	https://datenbank.noemuseen.at/db/museum-detail.asp?oid=18999	Gutenbrunn (Waldviertel)	Truckerhaus
259	https://datenbank.noemuseen.at/db/museum-detail.asp?oid=259	Perchtoldsdorf	Türkenmuseum "Die Osmanen in Niederösterreich"
410	https://datenbank.noemuseen.at/db/museum-detail.asp?oid=410	Wiener Neustadt	Turmmuseum im Dom von Wiener Neustadt
770	https://datenbank.noemuseen.at/db/museum-detail.asp?oid=770	Pillichsdorf	Turmmuseum Pillichsdorf
482	https://datenbank.noemuseen.at/db/museum-detail.asp?oid=482	Stockerau	Turmmuseum Stockerau
793	https://datenbank.noemuseen.at/db/museum-detail.asp?oid=793	Karlstein	Uhrenmuseum
9021	https://datenbank.noemuseen.at/db/museum-detail.asp?oid=9021	Neuruppersdorf	Uhrenmuseum
215	https://datenbank.noemuseen.at/db/museum-detail.asp?oid=215	Kierling	Universalmuseum Kierling
864	https://datenbank.noemuseen.at/db/museum-detail.asp?oid=864	Schrems	UnterWasserReich, Naturpark Schrems
267	https://datenbank.noemuseen.at/db/museum-detail.asp?oid=267	Sierndorf an der March	Urgeschichtssammlung und Heimatmuseum Sierndorf an der March
198605	https://datenbank.noemuseen.at/db/museum-detail.asp?oid=198605	Langenlois	Ursinhaus Langenlois
530	https://datenbank.noemuseen.at/db/museum-detail.asp?oid=530	Nußdorf ob der Traisen	Urzeitmuseum Nussdorf-Traisental
597	https://datenbank.noemuseen.at/db/museum-detail.asp?oid=597	Willendorf	Venusium Willendorf
19124	https://datenbank.noemuseen.at/db/museum-detail.asp?oid=19124	Seitenstetten	Via Rosa Themenweg
12352	https://datenbank.noemuseen.at/db/museum-detail.asp?oid=12352	Bruck an der Leitha	Villa Vinum Weinerlebniswelt
149	https://datenbank.noemuseen.at/db/museum-detail.asp?oid=149	Poysdorf	Vino Versum Poysdorf Tourismus WEIN+TRAUBEN Welt
19000	https://datenbank.noemuseen.at/db/museum-detail.asp?oid=19000	Jedenspeigen	Vivat Vinum - Weinmuseum am Kellerberg
251	https://datenbank.noemuseen.at/db/museum-detail.asp?oid=251	Mödling	Volkskundemuseum Mödling mit Hausgärtlein (Schaugarten)
503	https://datenbank.noemuseen.at/db/museum-detail.asp?oid=503	Waidhofen an der Ybbs	Volkskundliche Sammlung Karl Piaty
17780	https://datenbank.noemuseen.at/db/museum-detail.asp?oid=17780	Traisen	Voralpenvogelweg
219	https://datenbank.noemuseen.at/db/museum-detail.asp?oid=219	Kirchstetten bei Böheimkirchen	W.H. Auden-Gedenkstätte
99	https://datenbank.noemuseen.at/db/museum-detail.asp?oid=99	Mautern	Wachauer Goldhauben- und Trachtenmuseum
420	https://datenbank.noemuseen.at/db/museum-detail.asp?oid=420	Weißenkirchen	Wachaumuseum Weißenkirchen
121	https://datenbank.noemuseen.at/db/museum-detail.asp?oid=121	Gutenstein	Waldbauernmuseum Gutenstein
17693	https://datenbank.noemuseen.at/db/museum-detail.asp?oid=17693	Wegscheid am Kamp	Waldlehrpfad "Anima Florae" am Schauensteinweg
705	https://datenbank.noemuseen.at/db/museum-detail.asp?oid=705	Berndorf	Waldlehrpfad "Berndorf-Guglzipf", Natur- und Heimatweg
296	https://datenbank.noemuseen.at/db/museum-detail.asp?oid=296	Bad Fischau	Waldlehrpfad Blumberg
721	https://datenbank.noemuseen.at/db/museum-detail.asp?oid=721	Seebenstein	Waldlehrpfad Seebenstein
272	https://datenbank.noemuseen.at/db/museum-detail.asp?oid=272	Allentsteig	Waldviertler Aussiedlermuseum Allentsteig
661	https://datenbank.noemuseen.at/db/museum-detail.asp?oid=661	Sigmundsherberg	Waldviertler Eisenbahnmuseum Sigmundsherberg
13831	https://datenbank.noemuseen.at/db/museum-detail.asp?oid=13831	Schweiggers	Waldviertler Erdäpfelwelt Schweiggers
742	https://datenbank.noemuseen.at/db/museum-detail.asp?oid=742	Bad Großpertholz	Waldviertler Papiermühle Mörzinger
867	https://datenbank.noemuseen.at/db/museum-detail.asp?oid=867	Waidhofen an der Thaya	Waldviertler Webereimuseum
42	https://datenbank.noemuseen.at/db/museum-detail.asp?oid=42	Waldenstein	Wallfahrts- und Gemeindemuseum Waldenstein
524	https://datenbank.noemuseen.at/db/museum-detail.asp?oid=524	Maria Langegg	Wallfahrtsmuseum Maria Langegg
18932	https://datenbank.noemuseen.at/db/museum-detail.asp?oid=18932	Schönbach	Wäschepflegemuseum Schönbach
165	https://datenbank.noemuseen.at/db/museum-detail.asp?oid=165	Hirschwanger Forst	Wasserleitungsmuseum Kaiserbrunn
44	https://datenbank.noemuseen.at/db/museum-detail.asp?oid=44	Reingers	Weg des 20. Jahrhunderts
655	https://datenbank.noemuseen.at/db/museum-detail.asp?oid=655	Purgstall	Weg des Friedens
860	https://datenbank.noemuseen.at/db/museum-detail.asp?oid=860	Palterndorf	Wehrturm Palterndorf-Dobermannsdorf
16474	https://datenbank.noemuseen.at/db/museum-detail.asp?oid=16474	Großwiesendorf	Weinbau- und Dorfmuseum Wiesendorf
352	https://datenbank.noemuseen.at/db/museum-detail.asp?oid=352	Hadersdorf am Kamp	Weinbau- und Landwirtschaftsmuseum im Preßhaus
160	https://datenbank.noemuseen.at/db/museum-detail.asp?oid=160	Prellenkirchen	Weinbaumuseum Prellenkirchen
9289	https://datenbank.noemuseen.at/db/museum-detail.asp?oid=9289	Krems	Weinerlebnis "SANDGRUBE 13 wein.sinn"
21080	https://datenbank.noemuseen.at/db/museum-detail.asp?oid=21080	Neustift bei Schönberg	Weingut Leopolds Museum
281	https://datenbank.noemuseen.at/db/museum-detail.asp?oid=281	Asparn an der Zaya	Weinlandmuseum mit Wehrbautenausstellung
880	https://datenbank.noemuseen.at/db/museum-detail.asp?oid=880	Traismauer	Weinlehrpfad Traismauer
371	https://datenbank.noemuseen.at/db/museum-detail.asp?oid=371	Höflein	Weinlehrpfad und Schaukeller
419	https://datenbank.noemuseen.at/db/museum-detail.asp?oid=419	Niedersulz	Weinviertler Museumsdorf Niedersulz
18318	https://datenbank.noemuseen.at/db/museum-detail.asp?oid=18318	Langenlois	WEINWEG Langenlois
758	https://datenbank.noemuseen.at/db/museum-detail.asp?oid=758	Semmering	Welterbe Semmeringbahn (Ghega-Bahn)
17781	https://datenbank.noemuseen.at/db/museum-detail.asp?oid=17781	Traisen	Weltmeister-Fitnessweg
774	https://datenbank.noemuseen.at/db/museum-detail.asp?oid=774	Großhollenstein	Wentsteinhammer
822	https://datenbank.noemuseen.at/db/museum-detail.asp?oid=822	Roggenreith	Whisky-Erlebniswelt, Destillerie Haider
19566	https://datenbank.noemuseen.at/db/museum-detail.asp?oid=19566	Traiskirchen	Wiener Tramwaymuseum - WTM-Museumsdepot Traiskirchen
798	https://datenbank.noemuseen.at/db/museum-detail.asp?oid=798	Purkersdorf	Wienerwaldhaus Purkersdorf
307	https://datenbank.noemuseen.at/db/museum-detail.asp?oid=307	Eichgraben	Wienerwaldmuseum Eichgraben
88	https://datenbank.noemuseen.at/db/museum-detail.asp?oid=88	Dörfles	Wildpark Ernstbrunn
731	https://datenbank.noemuseen.at/db/museum-detail.asp?oid=731	Paudorf	Wilhelm Kienzl-Museum "Schauplatz Evangelimann"
29	https://datenbank.noemuseen.at/db/museum-detail.asp?oid=29	Wilhelmsburg	Wilhelmsburger Geschirr-Museum
543	https://datenbank.noemuseen.at/db/museum-detail.asp?oid=543	Retz	Windmühle Retz
17816	https://datenbank.noemuseen.at/db/museum-detail.asp?oid=17816	Traismauer	WIOG - Archiv der Wiener Internationalen Operettengesellschaft
835	https://datenbank.noemuseen.at/db/museum-detail.asp?oid=835	Trattenbach	Wittgensteinmuseum
819	https://datenbank.noemuseen.at/db/museum-detail.asp?oid=819	Wullersdorf	Wullersdorfer Ziegelmuseum
85	https://datenbank.noemuseen.at/db/museum-detail.asp?oid=85	Großschönau	Wünschelrutenweg Großschönau
13626	https://datenbank.noemuseen.at/db/museum-detail.asp?oid=13626	Sasendorf	Yellowpoint Nähmaschinen-Museum NÖ
327	https://datenbank.noemuseen.at/db/museum-detail.asp?oid=327	Gars am Kamp	Zeitbrücke-Museum mit Franz von Suppé-Gedenkstätte und dem 1. Österreichischen Handelsmuseum, Gars am Kamp
169	https://datenbank.noemuseen.at/db/museum-detail.asp?oid=169	Kleinebersdorf	Ziegel im Weinviertel
802	https://datenbank.noemuseen.at/db/museum-detail.asp?oid=802	Trabenreith	Ziegelmuseum
715	https://datenbank.noemuseen.at/db/museum-detail.asp?oid=715	Eggenburg	Ziegelmuseum Eggenburg
54	https://datenbank.noemuseen.at/db/museum-detail.asp?oid=54	Jetzelsdorf	Ziegelsammlung und Weinbaumuseum Jetzelsdorf
15244	https://datenbank.noemuseen.at/db/museum-detail.asp?oid=15244	Ziersdorf	Ziegelstadl Ziersdorf
685	https://datenbank.noemuseen.at/db/museum-detail.asp?oid=685	Katzelsdorf	Zinnfigurenwelt Katzelsdorf
16087	https://datenbank.noemuseen.at/db/museum-detail.asp?oid=16087	Heiligenkreuz	Zisterzienserstift Heiligenkreuz
299	https://datenbank.noemuseen.at/db/museum-detail.asp?oid=299	Lilienfeld	Zisterzienserstift Lilienfeld
594	https://datenbank.noemuseen.at/db/museum-detail.asp?oid=594	Zwettl Stift	Zisterzienserstift Zwettl - Schatzkammer

